<Anims>
 <anim name="action_raiden_chargeattack_pst_down" root="wilson" numframes="300" framerate="40">
  <frame idx="0" w="545" h="923" x="51.606720" y="-62.851257">
   <element name="face" layername="face" frame="0" z_index="3" m_a="1.000000" m_b="-0.000000" m_c="0.000000" m_d="1.000000" m_tx="7.887490" m_ty="-183.298996"/>
   <element name="headbase_hat" layername="HEAD_HAT" frame="0" z_index="4" m_a="1.000000" m_b="-0.000000" m_c="0.000000" m_d="1.000000" m_tx="2.437498" m_ty="-120.098991"/>
   <element name="headbase" layername="HEAD" frame="0" z_index="5" m_a="1.000000" m_b="-0.000000" m_c="0.000000" m_d="1.000000" m_tx="2.437498" m_ty="-120.098991"/>
   <element name="hair_hat" layername="HAIR_HAT" frame="0" z_index="6" m_a="1.000000" m_b="-0.000000" m_c="0.000000" m_d="1.000000" m_tx="-0.561513" m_ty="-203.449005"/>
   <element name="hair" layername="HAIR_NOHAT" frame="0" z_index="7" m_a="1.000000" m_b="-0.000000" m_c="0.000000" m_d="1.000000" m_tx="-0.561513" m_ty="-203.449005"/>
   <element name="torso" layername="torso" frame="0" z_index="11" m_a="1.000000" m_b="-0.000000" m_c="0.000000" m_d="1.000000" m_tx="1.187499" m_ty="-44.299000"/>
   <element name="foot" layername="foot" frame="0" z_index="13" m_a="-1.000000" m_b="0.000000" m_c="0.000000" m_d="1.000000" m_tx="7.967297" m_ty="-10.063637"/>
   <element name="foot" layername="foot" frame="0" z_index="14" m_a="1.000000" m_b="0.000000" m_c="-0.000000" m_d="1.000000" m_tx="-5.302910" m_ty="-10.059196"/>
   <element name="leg" layername="leg" frame="0" z_index="15" m_a="-0.999761" m_b="0.021860" m_c="0.021860" m_d="0.999761" m_tx="7.311483" m_ty="-40.056469"/>
   <element name="leg" layername="leg" frame="0" z_index="16" m_a="0.999986" m_b="0.005317" m_c="-0.005317" m_d="0.999986" m_tx="-5.143397" m_ty="-40.058773"/>
   <element name="hand" layername="hand" frame="0" z_index="19" m_a="0.993930" m_b="0.026020" m_c="-0.026020" m_d="0.993931" m_tx="-39.675934" m_ty="-53.020473"/>
   <element name="arm_upper" layername="arm_upper" frame="0" z_index="17" m_a="0.947368" m_b="0.312990" m_c="-0.312991" m_d="0.947372" m_tx="-19.332592" m_ty="-110.542267"/>
   <element name="arm_lower" layername="arm_lower" frame="0" z_index="21" m_a="0.952928" m_b="0.286462" m_c="-0.286462" m_d="0.952929" m_tx="-30.456524" m_ty="-80.805634"/>
   <element name="hand" layername="ARM_normal" frame="0" z_index="22" m_a="-0.993774" m_b="-0.031401" m_c="-0.031401" m_d="0.993774" m_tx="40.037548" m_ty="-53.299019"/>
   <element name="arm_upper" layername="ARM_normal" frame="0" z_index="23" m_a="-0.931121" m_b="0.358444" m_c="0.358444" m_d="0.931121" m_tx="20.637503" m_ty="-110.649010"/>
   <element name="arm_lower" layername="ARM_normal" frame="0" z_index="26" m_a="-0.973281" m_b="0.207018" m_c="0.207018" m_d="0.973281" m_tx="33.137508" m_ty="-81.749008"/>
   <element name="hand" layername="ARM_carry" frame="1" z_index="27" m_a="-0.200444" m_b="-0.973047" m_c="0.973047" m_d="-0.200444" m_tx="92.401825" m_ty="-111.229828"/>
   <element name="arm_upper" layername="ARM_carry" frame="1" z_index="30" m_a="0.362317" m_b="-0.927353" m_c="0.927353" m_d="0.362317" m_tx="23.282619" m_ty="-108.365860"/>
   <element name="arm_lower" layername="ARM_carry" frame="1" z_index="33" m_a="-0.404980" m_b="-0.907353" m_c="0.907353" m_d="-0.404980" m_tx="55.670444" m_ty="-93.549515"/>
   <element name="hairpigtails" layername="hairpigtails" frame="0" z_index="34" m_a="1.000000" m_b="-0.000000" m_c="0.000000" m_d="1.000000" m_tx="-42.911499" m_ty="-177.349014"/>
   <element name="hairpigtails" layername="hairpigtails" frame="1" z_index="35" m_a="1.000000" m_b="-0.000000" m_c="0.000000" m_d="1.000000" m_tx="48.287502" m_ty="-165.098984"/>
   <element name="skirt" layername="skirt" frame="0" z_index="10" m_a="1.000000" m_b="-0.000000" m_c="0.000000" m_d="1.000000" m_tx="1.187499" m_ty="-44.299000"/>
   <element name="torso_pelvis" layername="torso_pelvis" frame="0" z_index="12" m_a="1.000000" m_b="-0.000000" m_c="0.000000" m_d="1.000000" m_tx="1.187499" m_ty="-44.299000"/>
   <element name="arm_upper_skin" layername="arm_upper_skin" frame="0" z_index="18" m_a="0.947368" m_b="0.312990" m_c="-0.312991" m_d="0.947372" m_tx="-19.332592" m_ty="-110.542267"/>
   <element name="arm_upper_skin" layername="ARM_normal" frame="0" z_index="24" m_a="-0.931121" m_b="0.358444" m_c="0.358444" m_d="0.931121" m_tx="20.637503" m_ty="-110.649010"/>
   <element name="arm_upper_skin" layername="ARM_carry" frame="0" z_index="31" m_a="0.362317" m_b="-0.927353" m_c="0.927353" m_d="0.362317" m_tx="23.282619" m_ty="-108.365860"/>
   <element name="BEARD" layername="BEARD" frame="0" z_index="2" m_a="1.000000" m_b="-0.000000" m_c="0.000000" m_d="1.000000" m_tx="7.449990" m_ty="-183.298996"/>
   <element name="arm_lower_cuff" layername="arm_lower_cuff" frame="0" z_index="20" m_a="0.788661" m_b="0.174707" m_c="-0.174709" m_d="0.788672" m_tx="-39.432480" m_ty="-55.207855"/>
   <element name="arm_lower_cuff" layername="ARM_normal" frame="0" z_index="25" m_a="-0.800369" m_b="0.109168" m_c="0.135146" m_d="0.990826" m_tx="39.150043" m_ty="-55.883137"/>
   <element name="swap_object" layername="ARM_carry" frame="0" z_index="29" m_a="0.946248" m_b="0.068990" m_c="-0.068990" m_d="0.946248" m_tx="104.289391" m_ty="-113.326843"/>
   <element name="swap_hat" layername="HAT" frame="0" z_index="1" m_a="1.000000" m_b="-0.000000" m_c="0.000000" m_d="1.000000" m_tx="1.999998" m_ty="-120.098999"/>
   <element name="swap_body" layername="swap_body" frame="0" z_index="8" m_a="1.000000" m_b="-0.000000" m_c="0.000000" m_d="1.000000" m_tx="0.749998" m_ty="-44.299000"/>
   <element name="swap_body_tall" layername="swap_body_tall-9" frame="9" z_index="37" m_a="1.000000" m_b="-0.000000" m_c="0.000000" m_d="1.000000" m_tx="0.749998" m_ty="-44.299000"/>
   <element name="swap_body_tall" layername="swap_body_tall" frame="0" z_index="9" m_a="1.000000" m_b="-0.000000" m_c="0.000000" m_d="1.000000" m_tx="0.749998" m_ty="-44.299000"/>
   <element name="arm_lower_cuff" layername="ARM_carry" frame="0" z_index="32" m_a="0.367737" m_b="0.719220" m_c="0.712997" m_d="-0.364555" m_tx="85.444229" m_ty="-106.395454"/>
   <element name="swap_body" layername="swap_body-9" frame="9" z_index="36" m_a="1.000000" m_b="-0.000000" m_c="0.000000" m_d="1.000000" m_tx="0.749998" m_ty="-44.299000"/>
   <element name="lantern_overlay" layername="lantern_overlay" frame="0" z_index="28" m_a="0.946248" m_b="0.068990" m_c="-0.068990" m_d="0.946248" m_tx="104.289391" m_ty="-113.326843"/>
  </frame>
  <frame idx="25" w="545" h="923" x="51.606720" y="-62.851257">
   <element name="face" layername="face" frame="0" z_index="3" m_a="1.000000" m_b="-0.000000" m_c="0.000000" m_d="1.000000" m_tx="7.887490" m_ty="-183.298996"/>
   <element name="headbase_hat" layername="HEAD_HAT" frame="0" z_index="4" m_a="1.000000" m_b="-0.000000" m_c="0.000000" m_d="1.000000" m_tx="2.437498" m_ty="-120.098991"/>
   <element name="headbase" layername="HEAD" frame="0" z_index="5" m_a="1.000000" m_b="-0.000000" m_c="0.000000" m_d="1.000000" m_tx="2.437498" m_ty="-120.098991"/>
   <element name="hair_hat" layername="HAIR_HAT" frame="0" z_index="6" m_a="1.000000" m_b="-0.000000" m_c="0.000000" m_d="1.000000" m_tx="-0.561513" m_ty="-203.449005"/>
   <element name="hair" layername="HAIR_NOHAT" frame="0" z_index="7" m_a="1.000000" m_b="-0.000000" m_c="0.000000" m_d="1.000000" m_tx="-0.561513" m_ty="-203.449005"/>
   <element name="torso" layername="torso" frame="0" z_index="11" m_a="1.000000" m_b="-0.000000" m_c="0.000000" m_d="1.000000" m_tx="1.187499" m_ty="-44.299000"/>
   <element name="foot" layername="foot" frame="0" z_index="13" m_a="-1.000000" m_b="0.000000" m_c="0.000000" m_d="1.000000" m_tx="7.967297" m_ty="-10.063637"/>
   <element name="foot" layername="foot" frame="0" z_index="14" m_a="1.000000" m_b="0.000000" m_c="-0.000000" m_d="1.000000" m_tx="-5.302910" m_ty="-10.059196"/>
   <element name="leg" layername="leg" frame="0" z_index="15" m_a="-0.999761" m_b="0.021860" m_c="0.021860" m_d="0.999761" m_tx="7.311483" m_ty="-40.056469"/>
   <element name="leg" layername="leg" frame="0" z_index="16" m_a="0.999986" m_b="0.005317" m_c="-0.005317" m_d="0.999986" m_tx="-5.143397" m_ty="-40.058773"/>
   <element name="hand" layername="hand" frame="0" z_index="19" m_a="0.993930" m_b="0.026020" m_c="-0.026020" m_d="0.993931" m_tx="-39.675934" m_ty="-53.020473"/>
   <element name="arm_upper" layername="arm_upper" frame="0" z_index="17" m_a="0.947368" m_b="0.312990" m_c="-0.312991" m_d="0.947372" m_tx="-19.332592" m_ty="-110.542267"/>
   <element name="arm_lower" layername="arm_lower" frame="0" z_index="21" m_a="0.952928" m_b="0.286462" m_c="-0.286462" m_d="0.952929" m_tx="-30.456524" m_ty="-80.805634"/>
   <element name="hand" layername="ARM_normal" frame="0" z_index="22" m_a="-0.993774" m_b="-0.031401" m_c="-0.031401" m_d="0.993774" m_tx="40.037548" m_ty="-53.299019"/>
   <element name="arm_upper" layername="ARM_normal" frame="0" z_index="23" m_a="-0.931121" m_b="0.358444" m_c="0.358444" m_d="0.931121" m_tx="20.637503" m_ty="-110.649010"/>
   <element name="arm_lower" layername="ARM_normal" frame="0" z_index="26" m_a="-0.973281" m_b="0.207018" m_c="0.207018" m_d="0.973281" m_tx="33.137508" m_ty="-81.749008"/>
   <element name="hand" layername="ARM_carry" frame="1" z_index="27" m_a="-0.200444" m_b="-0.973047" m_c="0.973047" m_d="-0.200444" m_tx="92.401825" m_ty="-111.229828"/>
   <element name="arm_upper" layername="ARM_carry" frame="1" z_index="30" m_a="0.362317" m_b="-0.927353" m_c="0.927353" m_d="0.362317" m_tx="23.282619" m_ty="-108.365860"/>
   <element name="arm_lower" layername="ARM_carry" frame="1" z_index="33" m_a="-0.404980" m_b="-0.907353" m_c="0.907353" m_d="-0.404980" m_tx="55.670444" m_ty="-93.549515"/>
   <element name="hairpigtails" layername="hairpigtails" frame="0" z_index="34" m_a="1.000000" m_b="-0.000000" m_c="0.000000" m_d="1.000000" m_tx="-42.911499" m_ty="-177.349014"/>
   <element name="hairpigtails" layername="hairpigtails" frame="1" z_index="35" m_a="1.000000" m_b="-0.000000" m_c="0.000000" m_d="1.000000" m_tx="48.287502" m_ty="-165.098984"/>
   <element name="skirt" layername="skirt" frame="0" z_index="10" m_a="1.000000" m_b="-0.000000" m_c="0.000000" m_d="1.000000" m_tx="1.187499" m_ty="-44.299000"/>
   <element name="torso_pelvis" layername="torso_pelvis" frame="0" z_index="12" m_a="1.000000" m_b="-0.000000" m_c="0.000000" m_d="1.000000" m_tx="1.187499" m_ty="-44.299000"/>
   <element name="arm_upper_skin" layername="arm_upper_skin" frame="0" z_index="18" m_a="0.947368" m_b="0.312990" m_c="-0.312991" m_d="0.947372" m_tx="-19.332592" m_ty="-110.542267"/>
   <element name="arm_upper_skin" layername="ARM_normal" frame="0" z_index="24" m_a="-0.931121" m_b="0.358444" m_c="0.358444" m_d="0.931121" m_tx="20.637503" m_ty="-110.649010"/>
   <element name="arm_upper_skin" layername="ARM_carry" frame="0" z_index="31" m_a="0.362317" m_b="-0.927353" m_c="0.927353" m_d="0.362317" m_tx="23.282619" m_ty="-108.365860"/>
   <element name="BEARD" layername="BEARD" frame="0" z_index="2" m_a="1.000000" m_b="-0.000000" m_c="0.000000" m_d="1.000000" m_tx="7.449990" m_ty="-183.298996"/>
   <element name="arm_lower_cuff" layername="arm_lower_cuff" frame="0" z_index="20" m_a="0.788661" m_b="0.174707" m_c="-0.174709" m_d="0.788672" m_tx="-39.432480" m_ty="-55.207855"/>
   <element name="arm_lower_cuff" layername="ARM_normal" frame="0" z_index="25" m_a="-0.800369" m_b="0.109168" m_c="0.135146" m_d="0.990826" m_tx="39.150043" m_ty="-55.883137"/>
   <element name="swap_object" layername="ARM_carry" frame="0" z_index="29" m_a="0.946248" m_b="0.068990" m_c="-0.068990" m_d="0.946248" m_tx="104.289391" m_ty="-113.326843"/>
   <element name="swap_hat" layername="HAT" frame="0" z_index="1" m_a="1.000000" m_b="-0.000000" m_c="0.000000" m_d="1.000000" m_tx="1.999998" m_ty="-120.098999"/>
   <element name="swap_body" layername="swap_body" frame="0" z_index="8" m_a="1.000000" m_b="-0.000000" m_c="0.000000" m_d="1.000000" m_tx="0.749998" m_ty="-44.299000"/>
   <element name="swap_body_tall" layername="swap_body_tall-9" frame="9" z_index="37" m_a="1.000000" m_b="-0.000000" m_c="0.000000" m_d="1.000000" m_tx="0.749998" m_ty="-44.299000"/>
   <element name="swap_body_tall" layername="swap_body_tall" frame="0" z_index="9" m_a="1.000000" m_b="-0.000000" m_c="0.000000" m_d="1.000000" m_tx="0.749998" m_ty="-44.299000"/>
   <element name="arm_lower_cuff" layername="ARM_carry" frame="0" z_index="32" m_a="0.367737" m_b="0.719220" m_c="0.712997" m_d="-0.364555" m_tx="85.444229" m_ty="-106.395454"/>
   <element name="swap_body" layername="swap_body-9" frame="9" z_index="36" m_a="1.000000" m_b="-0.000000" m_c="0.000000" m_d="1.000000" m_tx="0.749998" m_ty="-44.299000"/>
   <element name="lantern_overlay" layername="lantern_overlay" frame="0" z_index="28" m_a="0.946248" m_b="0.068990" m_c="-0.068990" m_d="0.946248" m_tx="104.289391" m_ty="-113.326843"/>
  </frame>
  <frame idx="50" w="545" h="923" x="51.606720" y="-62.851257">
   <element name="face" layername="face" frame="0" z_index="3" m_a="1.000000" m_b="-0.000000" m_c="0.000000" m_d="1.000000" m_tx="7.887490" m_ty="-183.298996"/>
   <element name="headbase_hat" layername="HEAD_HAT" frame="0" z_index="4" m_a="1.000000" m_b="-0.000000" m_c="0.000000" m_d="1.000000" m_tx="2.437498" m_ty="-120.098991"/>
   <element name="headbase" layername="HEAD" frame="0" z_index="5" m_a="1.000000" m_b="-0.000000" m_c="0.000000" m_d="1.000000" m_tx="2.437498" m_ty="-120.098991"/>
   <element name="hair_hat" layername="HAIR_HAT" frame="0" z_index="6" m_a="1.000000" m_b="-0.000000" m_c="0.000000" m_d="1.000000" m_tx="-0.561513" m_ty="-203.449005"/>
   <element name="hair" layername="HAIR_NOHAT" frame="0" z_index="7" m_a="1.000000" m_b="-0.000000" m_c="0.000000" m_d="1.000000" m_tx="-0.561513" m_ty="-203.449005"/>
   <element name="torso" layername="torso" frame="0" z_index="11" m_a="1.000000" m_b="-0.000000" m_c="0.000000" m_d="1.000000" m_tx="1.187499" m_ty="-44.299000"/>
   <element name="foot" layername="foot" frame="0" z_index="13" m_a="-1.000000" m_b="0.000000" m_c="0.000000" m_d="1.000000" m_tx="7.967297" m_ty="-10.063637"/>
   <element name="foot" layername="foot" frame="0" z_index="14" m_a="1.000000" m_b="0.000000" m_c="-0.000000" m_d="1.000000" m_tx="-5.302910" m_ty="-10.059196"/>
   <element name="leg" layername="leg" frame="0" z_index="15" m_a="-0.999761" m_b="0.021860" m_c="0.021860" m_d="0.999761" m_tx="7.311483" m_ty="-40.056469"/>
   <element name="leg" layername="leg" frame="0" z_index="16" m_a="0.999986" m_b="0.005317" m_c="-0.005317" m_d="0.999986" m_tx="-5.143397" m_ty="-40.058773"/>
   <element name="hand" layername="hand" frame="0" z_index="19" m_a="0.993930" m_b="0.026020" m_c="-0.026020" m_d="0.993931" m_tx="-39.675934" m_ty="-53.020473"/>
   <element name="arm_upper" layername="arm_upper" frame="0" z_index="17" m_a="0.947368" m_b="0.312990" m_c="-0.312991" m_d="0.947372" m_tx="-19.332592" m_ty="-110.542267"/>
   <element name="arm_lower" layername="arm_lower" frame="0" z_index="21" m_a="0.952928" m_b="0.286462" m_c="-0.286462" m_d="0.952929" m_tx="-30.456524" m_ty="-80.805634"/>
   <element name="hand" layername="ARM_normal" frame="0" z_index="22" m_a="-0.993774" m_b="-0.031401" m_c="-0.031401" m_d="0.993774" m_tx="40.037548" m_ty="-53.299019"/>
   <element name="arm_upper" layername="ARM_normal" frame="0" z_index="23" m_a="-0.931121" m_b="0.358444" m_c="0.358444" m_d="0.931121" m_tx="20.637503" m_ty="-110.649010"/>
   <element name="arm_lower" layername="ARM_normal" frame="0" z_index="26" m_a="-0.973281" m_b="0.207018" m_c="0.207018" m_d="0.973281" m_tx="33.137508" m_ty="-81.749008"/>
   <element name="hand" layername="ARM_carry" frame="1" z_index="27" m_a="-0.200444" m_b="-0.973047" m_c="0.973047" m_d="-0.200444" m_tx="92.401825" m_ty="-111.229828"/>
   <element name="arm_upper" layername="ARM_carry" frame="1" z_index="30" m_a="0.362317" m_b="-0.927353" m_c="0.927353" m_d="0.362317" m_tx="23.282619" m_ty="-108.365860"/>
   <element name="arm_lower" layername="ARM_carry" frame="1" z_index="33" m_a="-0.404980" m_b="-0.907353" m_c="0.907353" m_d="-0.404980" m_tx="55.670444" m_ty="-93.549515"/>
   <element name="hairpigtails" layername="hairpigtails" frame="0" z_index="34" m_a="1.000000" m_b="-0.000000" m_c="0.000000" m_d="1.000000" m_tx="-42.911499" m_ty="-177.349014"/>
   <element name="hairpigtails" layername="hairpigtails" frame="1" z_index="35" m_a="1.000000" m_b="-0.000000" m_c="0.000000" m_d="1.000000" m_tx="48.287502" m_ty="-165.098984"/>
   <element name="skirt" layername="skirt" frame="0" z_index="10" m_a="1.000000" m_b="-0.000000" m_c="0.000000" m_d="1.000000" m_tx="1.187499" m_ty="-44.299000"/>
   <element name="torso_pelvis" layername="torso_pelvis" frame="0" z_index="12" m_a="1.000000" m_b="-0.000000" m_c="0.000000" m_d="1.000000" m_tx="1.187499" m_ty="-44.299000"/>
   <element name="arm_upper_skin" layername="arm_upper_skin" frame="0" z_index="18" m_a="0.947368" m_b="0.312990" m_c="-0.312991" m_d="0.947372" m_tx="-19.332592" m_ty="-110.542267"/>
   <element name="arm_upper_skin" layername="ARM_normal" frame="0" z_index="24" m_a="-0.931121" m_b="0.358444" m_c="0.358444" m_d="0.931121" m_tx="20.637503" m_ty="-110.649010"/>
   <element name="arm_upper_skin" layername="ARM_carry" frame="0" z_index="31" m_a="0.362317" m_b="-0.927353" m_c="0.927353" m_d="0.362317" m_tx="23.282619" m_ty="-108.365860"/>
   <element name="BEARD" layername="BEARD" frame="0" z_index="2" m_a="1.000000" m_b="-0.000000" m_c="0.000000" m_d="1.000000" m_tx="7.449990" m_ty="-183.298996"/>
   <element name="arm_lower_cuff" layername="arm_lower_cuff" frame="0" z_index="20" m_a="0.788661" m_b="0.174707" m_c="-0.174709" m_d="0.788672" m_tx="-39.432480" m_ty="-55.207855"/>
   <element name="arm_lower_cuff" layername="ARM_normal" frame="0" z_index="25" m_a="-0.800369" m_b="0.109168" m_c="0.135146" m_d="0.990826" m_tx="39.150043" m_ty="-55.883137"/>
   <element name="swap_object" layername="ARM_carry" frame="0" z_index="29" m_a="0.946248" m_b="0.068990" m_c="-0.068990" m_d="0.946248" m_tx="104.289391" m_ty="-113.326843"/>
   <element name="swap_hat" layername="HAT" frame="0" z_index="1" m_a="1.000000" m_b="-0.000000" m_c="0.000000" m_d="1.000000" m_tx="1.999998" m_ty="-120.098999"/>
   <element name="swap_body" layername="swap_body" frame="0" z_index="8" m_a="1.000000" m_b="-0.000000" m_c="0.000000" m_d="1.000000" m_tx="0.749998" m_ty="-44.299000"/>
   <element name="swap_body_tall" layername="swap_body_tall-9" frame="9" z_index="37" m_a="1.000000" m_b="-0.000000" m_c="0.000000" m_d="1.000000" m_tx="0.749998" m_ty="-44.299000"/>
   <element name="swap_body_tall" layername="swap_body_tall" frame="0" z_index="9" m_a="1.000000" m_b="-0.000000" m_c="0.000000" m_d="1.000000" m_tx="0.749998" m_ty="-44.299000"/>
   <element name="arm_lower_cuff" layername="ARM_carry" frame="0" z_index="32" m_a="0.367737" m_b="0.719220" m_c="0.712997" m_d="-0.364555" m_tx="85.444229" m_ty="-106.395454"/>
   <element name="swap_body" layername="swap_body-9" frame="9" z_index="36" m_a="1.000000" m_b="-0.000000" m_c="0.000000" m_d="1.000000" m_tx="0.749998" m_ty="-44.299000"/>
   <element name="lantern_overlay" layername="lantern_overlay" frame="0" z_index="28" m_a="0.946248" m_b="0.068990" m_c="-0.068990" m_d="0.946248" m_tx="104.289391" m_ty="-113.326843"/>
  </frame>
  <frame idx="75" w="545" h="923" x="51.606720" y="-62.851257">
   <element name="face" layername="face" frame="0" z_index="3" m_a="1.000000" m_b="-0.000000" m_c="0.000000" m_d="1.000000" m_tx="7.887490" m_ty="-183.298996"/>
   <element name="headbase_hat" layername="HEAD_HAT" frame="0" z_index="4" m_a="1.000000" m_b="-0.000000" m_c="0.000000" m_d="1.000000" m_tx="2.437498" m_ty="-120.098991"/>
   <element name="headbase" layername="HEAD" frame="0" z_index="5" m_a="1.000000" m_b="-0.000000" m_c="0.000000" m_d="1.000000" m_tx="2.437498" m_ty="-120.098991"/>
   <element name="hair_hat" layername="HAIR_HAT" frame="0" z_index="6" m_a="1.000000" m_b="-0.000000" m_c="0.000000" m_d="1.000000" m_tx="-0.561513" m_ty="-203.449005"/>
   <element name="hair" layername="HAIR_NOHAT" frame="0" z_index="7" m_a="1.000000" m_b="-0.000000" m_c="0.000000" m_d="1.000000" m_tx="-0.561513" m_ty="-203.449005"/>
   <element name="torso" layername="torso" frame="0" z_index="11" m_a="1.000000" m_b="-0.000000" m_c="0.000000" m_d="1.000000" m_tx="1.187499" m_ty="-44.299000"/>
   <element name="foot" layername="foot" frame="0" z_index="13" m_a="-1.000000" m_b="0.000000" m_c="0.000000" m_d="1.000000" m_tx="7.967297" m_ty="-10.063637"/>
   <element name="foot" layername="foot" frame="0" z_index="14" m_a="1.000000" m_b="0.000000" m_c="-0.000000" m_d="1.000000" m_tx="-5.302910" m_ty="-10.059196"/>
   <element name="leg" layername="leg" frame="0" z_index="15" m_a="-0.999761" m_b="0.021860" m_c="0.021860" m_d="0.999761" m_tx="7.311483" m_ty="-40.056469"/>
   <element name="leg" layername="leg" frame="0" z_index="16" m_a="0.999986" m_b="0.005317" m_c="-0.005317" m_d="0.999986" m_tx="-5.143397" m_ty="-40.058773"/>
   <element name="hand" layername="hand" frame="0" z_index="19" m_a="0.993930" m_b="0.026020" m_c="-0.026020" m_d="0.993931" m_tx="-39.675934" m_ty="-53.020473"/>
   <element name="arm_upper" layername="arm_upper" frame="0" z_index="17" m_a="0.947368" m_b="0.312990" m_c="-0.312991" m_d="0.947372" m_tx="-19.332592" m_ty="-110.542267"/>
   <element name="arm_lower" layername="arm_lower" frame="0" z_index="21" m_a="0.952928" m_b="0.286462" m_c="-0.286462" m_d="0.952929" m_tx="-30.456524" m_ty="-80.805634"/>
   <element name="hand" layername="ARM_normal" frame="0" z_index="22" m_a="-0.993774" m_b="-0.031401" m_c="-0.031401" m_d="0.993774" m_tx="40.037548" m_ty="-53.299019"/>
   <element name="arm_upper" layername="ARM_normal" frame="0" z_index="23" m_a="-0.931121" m_b="0.358444" m_c="0.358444" m_d="0.931121" m_tx="20.637503" m_ty="-110.649010"/>
   <element name="arm_lower" layername="ARM_normal" frame="0" z_index="26" m_a="-0.973281" m_b="0.207018" m_c="0.207018" m_d="0.973281" m_tx="33.137508" m_ty="-81.749008"/>
   <element name="hand" layername="ARM_carry" frame="1" z_index="27" m_a="-0.200444" m_b="-0.973047" m_c="0.973047" m_d="-0.200444" m_tx="92.401825" m_ty="-111.229828"/>
   <element name="arm_upper" layername="ARM_carry" frame="1" z_index="30" m_a="0.362317" m_b="-0.927353" m_c="0.927353" m_d="0.362317" m_tx="23.282619" m_ty="-108.365860"/>
   <element name="arm_lower" layername="ARM_carry" frame="1" z_index="33" m_a="-0.404980" m_b="-0.907353" m_c="0.907353" m_d="-0.404980" m_tx="55.670444" m_ty="-93.549515"/>
   <element name="hairpigtails" layername="hairpigtails" frame="0" z_index="34" m_a="1.000000" m_b="-0.000000" m_c="0.000000" m_d="1.000000" m_tx="-42.911499" m_ty="-177.349014"/>
   <element name="hairpigtails" layername="hairpigtails" frame="1" z_index="35" m_a="1.000000" m_b="-0.000000" m_c="0.000000" m_d="1.000000" m_tx="48.287502" m_ty="-165.098984"/>
   <element name="skirt" layername="skirt" frame="0" z_index="10" m_a="1.000000" m_b="-0.000000" m_c="0.000000" m_d="1.000000" m_tx="1.187499" m_ty="-44.299000"/>
   <element name="torso_pelvis" layername="torso_pelvis" frame="0" z_index="12" m_a="1.000000" m_b="-0.000000" m_c="0.000000" m_d="1.000000" m_tx="1.187499" m_ty="-44.299000"/>
   <element name="arm_upper_skin" layername="arm_upper_skin" frame="0" z_index="18" m_a="0.947368" m_b="0.312990" m_c="-0.312991" m_d="0.947372" m_tx="-19.332592" m_ty="-110.542267"/>
   <element name="arm_upper_skin" layername="ARM_normal" frame="0" z_index="24" m_a="-0.931121" m_b="0.358444" m_c="0.358444" m_d="0.931121" m_tx="20.637503" m_ty="-110.649010"/>
   <element name="arm_upper_skin" layername="ARM_carry" frame="0" z_index="31" m_a="0.362317" m_b="-0.927353" m_c="0.927353" m_d="0.362317" m_tx="23.282619" m_ty="-108.365860"/>
   <element name="BEARD" layername="BEARD" frame="0" z_index="2" m_a="1.000000" m_b="-0.000000" m_c="0.000000" m_d="1.000000" m_tx="7.449990" m_ty="-183.298996"/>
   <element name="arm_lower_cuff" layername="arm_lower_cuff" frame="0" z_index="20" m_a="0.788661" m_b="0.174707" m_c="-0.174709" m_d="0.788672" m_tx="-39.432480" m_ty="-55.207855"/>
   <element name="arm_lower_cuff" layername="ARM_normal" frame="0" z_index="25" m_a="-0.800369" m_b="0.109168" m_c="0.135146" m_d="0.990826" m_tx="39.150043" m_ty="-55.883137"/>
   <element name="swap_object" layername="ARM_carry" frame="0" z_index="29" m_a="0.946248" m_b="0.068990" m_c="-0.068990" m_d="0.946248" m_tx="104.289391" m_ty="-113.326843"/>
   <element name="swap_hat" layername="HAT" frame="0" z_index="1" m_a="1.000000" m_b="-0.000000" m_c="0.000000" m_d="1.000000" m_tx="1.999998" m_ty="-120.098999"/>
   <element name="swap_body" layername="swap_body" frame="0" z_index="8" m_a="1.000000" m_b="-0.000000" m_c="0.000000" m_d="1.000000" m_tx="0.749998" m_ty="-44.299000"/>
   <element name="swap_body_tall" layername="swap_body_tall-9" frame="9" z_index="37" m_a="1.000000" m_b="-0.000000" m_c="0.000000" m_d="1.000000" m_tx="0.749998" m_ty="-44.299000"/>
   <element name="swap_body_tall" layername="swap_body_tall" frame="0" z_index="9" m_a="1.000000" m_b="-0.000000" m_c="0.000000" m_d="1.000000" m_tx="0.749998" m_ty="-44.299000"/>
   <element name="arm_lower_cuff" layername="ARM_carry" frame="0" z_index="32" m_a="0.367737" m_b="0.719220" m_c="0.712997" m_d="-0.364555" m_tx="85.444229" m_ty="-106.395454"/>
   <element name="swap_body" layername="swap_body-9" frame="9" z_index="36" m_a="1.000000" m_b="-0.000000" m_c="0.000000" m_d="1.000000" m_tx="0.749998" m_ty="-44.299000"/>
   <element name="lantern_overlay" layername="lantern_overlay" frame="0" z_index="28" m_a="0.946248" m_b="0.068990" m_c="-0.068990" m_d="0.946248" m_tx="104.289391" m_ty="-113.326843"/>
  </frame>
  <frame idx="100" w="545" h="923" x="51.606720" y="-62.851257">
   <element name="face" layername="face" frame="0" z_index="3" m_a="1.000000" m_b="-0.000000" m_c="0.000000" m_d="1.000000" m_tx="7.887490" m_ty="-183.298996"/>
   <element name="headbase_hat" layername="HEAD_HAT" frame="0" z_index="4" m_a="1.000000" m_b="-0.000000" m_c="0.000000" m_d="1.000000" m_tx="2.437498" m_ty="-120.098991"/>
   <element name="headbase" layername="HEAD" frame="0" z_index="5" m_a="1.000000" m_b="-0.000000" m_c="0.000000" m_d="1.000000" m_tx="2.437498" m_ty="-120.098991"/>
   <element name="hair_hat" layername="HAIR_HAT" frame="0" z_index="6" m_a="1.000000" m_b="-0.000000" m_c="0.000000" m_d="1.000000" m_tx="-0.561513" m_ty="-203.449005"/>
   <element name="hair" layername="HAIR_NOHAT" frame="0" z_index="7" m_a="1.000000" m_b="-0.000000" m_c="0.000000" m_d="1.000000" m_tx="-0.561513" m_ty="-203.449005"/>
   <element name="torso" layername="torso" frame="0" z_index="11" m_a="1.000000" m_b="-0.000000" m_c="0.000000" m_d="1.000000" m_tx="1.187499" m_ty="-44.299000"/>
   <element name="foot" layername="foot" frame="0" z_index="13" m_a="-1.000000" m_b="0.000000" m_c="0.000000" m_d="1.000000" m_tx="7.967297" m_ty="-10.063637"/>
   <element name="foot" layername="foot" frame="0" z_index="14" m_a="1.000000" m_b="0.000000" m_c="-0.000000" m_d="1.000000" m_tx="-5.302910" m_ty="-10.059196"/>
   <element name="leg" layername="leg" frame="0" z_index="15" m_a="-0.999761" m_b="0.021860" m_c="0.021860" m_d="0.999761" m_tx="7.311483" m_ty="-40.056469"/>
   <element name="leg" layername="leg" frame="0" z_index="16" m_a="0.999986" m_b="0.005317" m_c="-0.005317" m_d="0.999986" m_tx="-5.143397" m_ty="-40.058773"/>
   <element name="hand" layername="hand" frame="0" z_index="19" m_a="0.993930" m_b="0.026020" m_c="-0.026020" m_d="0.993931" m_tx="-39.675934" m_ty="-53.020473"/>
   <element name="arm_upper" layername="arm_upper" frame="0" z_index="17" m_a="0.947368" m_b="0.312990" m_c="-0.312991" m_d="0.947372" m_tx="-19.332592" m_ty="-110.542267"/>
   <element name="arm_lower" layername="arm_lower" frame="0" z_index="21" m_a="0.952928" m_b="0.286462" m_c="-0.286462" m_d="0.952929" m_tx="-30.456524" m_ty="-80.805634"/>
   <element name="hand" layername="ARM_normal" frame="0" z_index="22" m_a="-0.993774" m_b="-0.031401" m_c="-0.031401" m_d="0.993774" m_tx="40.037548" m_ty="-53.299019"/>
   <element name="arm_upper" layername="ARM_normal" frame="0" z_index="23" m_a="-0.931121" m_b="0.358444" m_c="0.358444" m_d="0.931121" m_tx="20.637503" m_ty="-110.649010"/>
   <element name="arm_lower" layername="ARM_normal" frame="0" z_index="26" m_a="-0.973281" m_b="0.207018" m_c="0.207018" m_d="0.973281" m_tx="33.137508" m_ty="-81.749008"/>
   <element name="hand" layername="ARM_carry" frame="1" z_index="27" m_a="-0.200444" m_b="-0.973047" m_c="0.973047" m_d="-0.200444" m_tx="92.401825" m_ty="-111.229828"/>
   <element name="arm_upper" layername="ARM_carry" frame="1" z_index="30" m_a="0.362317" m_b="-0.927353" m_c="0.927353" m_d="0.362317" m_tx="23.282619" m_ty="-108.365860"/>
   <element name="arm_lower" layername="ARM_carry" frame="1" z_index="33" m_a="-0.404980" m_b="-0.907353" m_c="0.907353" m_d="-0.404980" m_tx="55.670444" m_ty="-93.549515"/>
   <element name="hairpigtails" layername="hairpigtails" frame="0" z_index="34" m_a="1.000000" m_b="-0.000000" m_c="0.000000" m_d="1.000000" m_tx="-42.911499" m_ty="-177.349014"/>
   <element name="hairpigtails" layername="hairpigtails" frame="1" z_index="35" m_a="1.000000" m_b="-0.000000" m_c="0.000000" m_d="1.000000" m_tx="48.287502" m_ty="-165.098984"/>
   <element name="skirt" layername="skirt" frame="0" z_index="10" m_a="1.000000" m_b="-0.000000" m_c="0.000000" m_d="1.000000" m_tx="1.187499" m_ty="-44.299000"/>
   <element name="torso_pelvis" layername="torso_pelvis" frame="0" z_index="12" m_a="1.000000" m_b="-0.000000" m_c="0.000000" m_d="1.000000" m_tx="1.187499" m_ty="-44.299000"/>
   <element name="arm_upper_skin" layername="arm_upper_skin" frame="0" z_index="18" m_a="0.947368" m_b="0.312990" m_c="-0.312991" m_d="0.947372" m_tx="-19.332592" m_ty="-110.542267"/>
   <element name="arm_upper_skin" layername="ARM_normal" frame="0" z_index="24" m_a="-0.931121" m_b="0.358444" m_c="0.358444" m_d="0.931121" m_tx="20.637503" m_ty="-110.649010"/>
   <element name="arm_upper_skin" layername="ARM_carry" frame="0" z_index="31" m_a="0.362317" m_b="-0.927353" m_c="0.927353" m_d="0.362317" m_tx="23.282619" m_ty="-108.365860"/>
   <element name="BEARD" layername="BEARD" frame="0" z_index="2" m_a="1.000000" m_b="-0.000000" m_c="0.000000" m_d="1.000000" m_tx="7.449990" m_ty="-183.298996"/>
   <element name="arm_lower_cuff" layername="arm_lower_cuff" frame="0" z_index="20" m_a="0.788661" m_b="0.174707" m_c="-0.174709" m_d="0.788672" m_tx="-39.432480" m_ty="-55.207855"/>
   <element name="arm_lower_cuff" layername="ARM_normal" frame="0" z_index="25" m_a="-0.800369" m_b="0.109168" m_c="0.135146" m_d="0.990826" m_tx="39.150043" m_ty="-55.883137"/>
   <element name="swap_object" layername="ARM_carry" frame="0" z_index="29" m_a="0.946248" m_b="0.068990" m_c="-0.068990" m_d="0.946248" m_tx="104.289391" m_ty="-113.326843"/>
   <element name="swap_hat" layername="HAT" frame="0" z_index="1" m_a="1.000000" m_b="-0.000000" m_c="0.000000" m_d="1.000000" m_tx="1.999998" m_ty="-120.098999"/>
   <element name="swap_body" layername="swap_body" frame="0" z_index="8" m_a="1.000000" m_b="-0.000000" m_c="0.000000" m_d="1.000000" m_tx="0.749998" m_ty="-44.299000"/>
   <element name="swap_body_tall" layername="swap_body_tall-9" frame="9" z_index="37" m_a="1.000000" m_b="-0.000000" m_c="0.000000" m_d="1.000000" m_tx="0.749998" m_ty="-44.299000"/>
   <element name="swap_body_tall" layername="swap_body_tall" frame="0" z_index="9" m_a="1.000000" m_b="-0.000000" m_c="0.000000" m_d="1.000000" m_tx="0.749998" m_ty="-44.299000"/>
   <element name="arm_lower_cuff" layername="ARM_carry" frame="0" z_index="32" m_a="0.367737" m_b="0.719220" m_c="0.712997" m_d="-0.364555" m_tx="85.444229" m_ty="-106.395454"/>
   <element name="swap_body" layername="swap_body-9" frame="9" z_index="36" m_a="1.000000" m_b="-0.000000" m_c="0.000000" m_d="1.000000" m_tx="0.749998" m_ty="-44.299000"/>
   <element name="lantern_overlay" layername="lantern_overlay" frame="0" z_index="28" m_a="0.946248" m_b="0.068990" m_c="-0.068990" m_d="0.946248" m_tx="104.289391" m_ty="-113.326843"/>
  </frame>
  <frame idx="125" w="545" h="923" x="51.606720" y="-62.851257">
   <element name="face" layername="face" frame="0" z_index="3" m_a="1.000000" m_b="-0.000000" m_c="0.000000" m_d="1.000000" m_tx="7.887490" m_ty="-183.298996"/>
   <element name="headbase_hat" layername="HEAD_HAT" frame="0" z_index="4" m_a="1.000000" m_b="-0.000000" m_c="0.000000" m_d="1.000000" m_tx="2.437498" m_ty="-120.098991"/>
   <element name="headbase" layername="HEAD" frame="0" z_index="5" m_a="1.000000" m_b="-0.000000" m_c="0.000000" m_d="1.000000" m_tx="2.437498" m_ty="-120.098991"/>
   <element name="hair_hat" layername="HAIR_HAT" frame="0" z_index="6" m_a="1.000000" m_b="-0.000000" m_c="0.000000" m_d="1.000000" m_tx="-0.561513" m_ty="-203.449005"/>
   <element name="hair" layername="HAIR_NOHAT" frame="0" z_index="7" m_a="1.000000" m_b="-0.000000" m_c="0.000000" m_d="1.000000" m_tx="-0.561513" m_ty="-203.449005"/>
   <element name="torso" layername="torso" frame="0" z_index="11" m_a="1.000000" m_b="-0.000000" m_c="0.000000" m_d="1.000000" m_tx="1.187499" m_ty="-44.299000"/>
   <element name="foot" layername="foot" frame="0" z_index="13" m_a="-1.000000" m_b="0.000000" m_c="0.000000" m_d="1.000000" m_tx="7.967297" m_ty="-10.063637"/>
   <element name="foot" layername="foot" frame="0" z_index="14" m_a="1.000000" m_b="0.000000" m_c="-0.000000" m_d="1.000000" m_tx="-5.302910" m_ty="-10.059196"/>
   <element name="leg" layername="leg" frame="0" z_index="15" m_a="-0.999761" m_b="0.021860" m_c="0.021860" m_d="0.999761" m_tx="7.311483" m_ty="-40.056469"/>
   <element name="leg" layername="leg" frame="0" z_index="16" m_a="0.999986" m_b="0.005317" m_c="-0.005317" m_d="0.999986" m_tx="-5.143397" m_ty="-40.058773"/>
   <element name="hand" layername="hand" frame="0" z_index="19" m_a="0.993930" m_b="0.026020" m_c="-0.026020" m_d="0.993931" m_tx="-39.675934" m_ty="-53.020473"/>
   <element name="arm_upper" layername="arm_upper" frame="0" z_index="17" m_a="0.947368" m_b="0.312990" m_c="-0.312991" m_d="0.947372" m_tx="-19.332592" m_ty="-110.542267"/>
   <element name="arm_lower" layername="arm_lower" frame="0" z_index="21" m_a="0.952928" m_b="0.286462" m_c="-0.286462" m_d="0.952929" m_tx="-30.456524" m_ty="-80.805634"/>
   <element name="hand" layername="ARM_normal" frame="0" z_index="22" m_a="-0.993774" m_b="-0.031401" m_c="-0.031401" m_d="0.993774" m_tx="40.037548" m_ty="-53.299019"/>
   <element name="arm_upper" layername="ARM_normal" frame="0" z_index="23" m_a="-0.931121" m_b="0.358444" m_c="0.358444" m_d="0.931121" m_tx="20.637503" m_ty="-110.649010"/>
   <element name="arm_lower" layername="ARM_normal" frame="0" z_index="26" m_a="-0.973281" m_b="0.207018" m_c="0.207018" m_d="0.973281" m_tx="33.137508" m_ty="-81.749008"/>
   <element name="hand" layername="ARM_carry" frame="1" z_index="27" m_a="-0.200444" m_b="-0.973047" m_c="0.973047" m_d="-0.200444" m_tx="92.401825" m_ty="-111.229828"/>
   <element name="arm_upper" layername="ARM_carry" frame="1" z_index="30" m_a="0.362317" m_b="-0.927353" m_c="0.927353" m_d="0.362317" m_tx="23.282619" m_ty="-108.365860"/>
   <element name="arm_lower" layername="ARM_carry" frame="1" z_index="33" m_a="-0.404980" m_b="-0.907353" m_c="0.907353" m_d="-0.404980" m_tx="55.670444" m_ty="-93.549515"/>
   <element name="hairpigtails" layername="hairpigtails" frame="0" z_index="34" m_a="1.000000" m_b="-0.000000" m_c="0.000000" m_d="1.000000" m_tx="-42.911499" m_ty="-177.349014"/>
   <element name="hairpigtails" layername="hairpigtails" frame="1" z_index="35" m_a="1.000000" m_b="-0.000000" m_c="0.000000" m_d="1.000000" m_tx="48.287502" m_ty="-165.098984"/>
   <element name="skirt" layername="skirt" frame="0" z_index="10" m_a="1.000000" m_b="-0.000000" m_c="0.000000" m_d="1.000000" m_tx="1.187499" m_ty="-44.299000"/>
   <element name="torso_pelvis" layername="torso_pelvis" frame="0" z_index="12" m_a="1.000000" m_b="-0.000000" m_c="0.000000" m_d="1.000000" m_tx="1.187499" m_ty="-44.299000"/>
   <element name="arm_upper_skin" layername="arm_upper_skin" frame="0" z_index="18" m_a="0.947368" m_b="0.312990" m_c="-0.312991" m_d="0.947372" m_tx="-19.332592" m_ty="-110.542267"/>
   <element name="arm_upper_skin" layername="ARM_normal" frame="0" z_index="24" m_a="-0.931121" m_b="0.358444" m_c="0.358444" m_d="0.931121" m_tx="20.637503" m_ty="-110.649010"/>
   <element name="arm_upper_skin" layername="ARM_carry" frame="0" z_index="31" m_a="0.362317" m_b="-0.927353" m_c="0.927353" m_d="0.362317" m_tx="23.282619" m_ty="-108.365860"/>
   <element name="BEARD" layername="BEARD" frame="0" z_index="2" m_a="1.000000" m_b="-0.000000" m_c="0.000000" m_d="1.000000" m_tx="7.449990" m_ty="-183.298996"/>
   <element name="arm_lower_cuff" layername="arm_lower_cuff" frame="0" z_index="20" m_a="0.788661" m_b="0.174707" m_c="-0.174709" m_d="0.788672" m_tx="-39.432480" m_ty="-55.207855"/>
   <element name="arm_lower_cuff" layername="ARM_normal" frame="0" z_index="25" m_a="-0.800369" m_b="0.109168" m_c="0.135146" m_d="0.990826" m_tx="39.150043" m_ty="-55.883137"/>
   <element name="swap_object" layername="ARM_carry" frame="0" z_index="29" m_a="0.946248" m_b="0.068990" m_c="-0.068990" m_d="0.946248" m_tx="104.289391" m_ty="-113.326843"/>
   <element name="swap_hat" layername="HAT" frame="0" z_index="1" m_a="1.000000" m_b="-0.000000" m_c="0.000000" m_d="1.000000" m_tx="1.999998" m_ty="-120.098999"/>
   <element name="swap_body" layername="swap_body" frame="0" z_index="8" m_a="1.000000" m_b="-0.000000" m_c="0.000000" m_d="1.000000" m_tx="0.749998" m_ty="-44.299000"/>
   <element name="swap_body_tall" layername="swap_body_tall-9" frame="9" z_index="37" m_a="1.000000" m_b="-0.000000" m_c="0.000000" m_d="1.000000" m_tx="0.749998" m_ty="-44.299000"/>
   <element name="swap_body_tall" layername="swap_body_tall" frame="0" z_index="9" m_a="1.000000" m_b="-0.000000" m_c="0.000000" m_d="1.000000" m_tx="0.749998" m_ty="-44.299000"/>
   <element name="arm_lower_cuff" layername="ARM_carry" frame="0" z_index="32" m_a="0.367737" m_b="0.719220" m_c="0.712997" m_d="-0.364555" m_tx="85.444229" m_ty="-106.395454"/>
   <element name="swap_body" layername="swap_body-9" frame="9" z_index="36" m_a="1.000000" m_b="-0.000000" m_c="0.000000" m_d="1.000000" m_tx="0.749998" m_ty="-44.299000"/>
   <element name="lantern_overlay" layername="lantern_overlay" frame="0" z_index="28" m_a="0.946248" m_b="0.068990" m_c="-0.068990" m_d="0.946248" m_tx="104.289391" m_ty="-113.326843"/>
  </frame>
  <frame idx="150" w="545" h="923" x="51.606720" y="-62.851257">
   <element name="face" layername="face" frame="0" z_index="3" m_a="1.000000" m_b="-0.000000" m_c="0.000000" m_d="1.000000" m_tx="7.887490" m_ty="-183.298996"/>
   <element name="headbase_hat" layername="HEAD_HAT" frame="0" z_index="4" m_a="1.000000" m_b="-0.000000" m_c="0.000000" m_d="1.000000" m_tx="2.437498" m_ty="-120.098991"/>
   <element name="headbase" layername="HEAD" frame="0" z_index="5" m_a="1.000000" m_b="-0.000000" m_c="0.000000" m_d="1.000000" m_tx="2.437498" m_ty="-120.098991"/>
   <element name="hair_hat" layername="HAIR_HAT" frame="0" z_index="6" m_a="1.000000" m_b="-0.000000" m_c="0.000000" m_d="1.000000" m_tx="-0.561513" m_ty="-203.449005"/>
   <element name="hair" layername="HAIR_NOHAT" frame="0" z_index="7" m_a="1.000000" m_b="-0.000000" m_c="0.000000" m_d="1.000000" m_tx="-0.561513" m_ty="-203.449005"/>
   <element name="torso" layername="torso" frame="0" z_index="11" m_a="1.000000" m_b="-0.000000" m_c="0.000000" m_d="1.000000" m_tx="1.187499" m_ty="-44.299000"/>
   <element name="foot" layername="foot" frame="0" z_index="13" m_a="-1.000000" m_b="0.000000" m_c="0.000000" m_d="1.000000" m_tx="7.967297" m_ty="-10.063637"/>
   <element name="foot" layername="foot" frame="0" z_index="14" m_a="1.000000" m_b="0.000000" m_c="-0.000000" m_d="1.000000" m_tx="-5.302910" m_ty="-10.059196"/>
   <element name="leg" layername="leg" frame="0" z_index="15" m_a="-0.999761" m_b="0.021860" m_c="0.021860" m_d="0.999761" m_tx="7.311483" m_ty="-40.056469"/>
   <element name="leg" layername="leg" frame="0" z_index="16" m_a="0.999986" m_b="0.005317" m_c="-0.005317" m_d="0.999986" m_tx="-5.143397" m_ty="-40.058773"/>
   <element name="hand" layername="hand" frame="0" z_index="19" m_a="0.993930" m_b="0.026020" m_c="-0.026020" m_d="0.993931" m_tx="-39.675934" m_ty="-53.020473"/>
   <element name="arm_upper" layername="arm_upper" frame="0" z_index="17" m_a="0.947368" m_b="0.312990" m_c="-0.312991" m_d="0.947372" m_tx="-19.332592" m_ty="-110.542267"/>
   <element name="arm_lower" layername="arm_lower" frame="0" z_index="21" m_a="0.952928" m_b="0.286462" m_c="-0.286462" m_d="0.952929" m_tx="-30.456524" m_ty="-80.805634"/>
   <element name="hand" layername="ARM_normal" frame="0" z_index="22" m_a="-0.993774" m_b="-0.031401" m_c="-0.031401" m_d="0.993774" m_tx="40.037548" m_ty="-53.299019"/>
   <element name="arm_upper" layername="ARM_normal" frame="0" z_index="23" m_a="-0.931121" m_b="0.358444" m_c="0.358444" m_d="0.931121" m_tx="20.637503" m_ty="-110.649010"/>
   <element name="arm_lower" layername="ARM_normal" frame="0" z_index="26" m_a="-0.973281" m_b="0.207018" m_c="0.207018" m_d="0.973281" m_tx="33.137508" m_ty="-81.749008"/>
   <element name="hand" layername="ARM_carry" frame="1" z_index="27" m_a="-0.200444" m_b="-0.973047" m_c="0.973047" m_d="-0.200444" m_tx="92.401825" m_ty="-111.229828"/>
   <element name="arm_upper" layername="ARM_carry" frame="1" z_index="30" m_a="0.362317" m_b="-0.927353" m_c="0.927353" m_d="0.362317" m_tx="23.282619" m_ty="-108.365860"/>
   <element name="arm_lower" layername="ARM_carry" frame="1" z_index="33" m_a="-0.404980" m_b="-0.907353" m_c="0.907353" m_d="-0.404980" m_tx="55.670444" m_ty="-93.549515"/>
   <element name="hairpigtails" layername="hairpigtails" frame="0" z_index="34" m_a="1.000000" m_b="-0.000000" m_c="0.000000" m_d="1.000000" m_tx="-42.911499" m_ty="-177.349014"/>
   <element name="hairpigtails" layername="hairpigtails" frame="1" z_index="35" m_a="1.000000" m_b="-0.000000" m_c="0.000000" m_d="1.000000" m_tx="48.287502" m_ty="-165.098984"/>
   <element name="skirt" layername="skirt" frame="0" z_index="10" m_a="1.000000" m_b="-0.000000" m_c="0.000000" m_d="1.000000" m_tx="1.187499" m_ty="-44.299000"/>
   <element name="torso_pelvis" layername="torso_pelvis" frame="0" z_index="12" m_a="1.000000" m_b="-0.000000" m_c="0.000000" m_d="1.000000" m_tx="1.187499" m_ty="-44.299000"/>
   <element name="arm_upper_skin" layername="arm_upper_skin" frame="0" z_index="18" m_a="0.947368" m_b="0.312990" m_c="-0.312991" m_d="0.947372" m_tx="-19.332592" m_ty="-110.542267"/>
   <element name="arm_upper_skin" layername="ARM_normal" frame="0" z_index="24" m_a="-0.931121" m_b="0.358444" m_c="0.358444" m_d="0.931121" m_tx="20.637503" m_ty="-110.649010"/>
   <element name="arm_upper_skin" layername="ARM_carry" frame="0" z_index="31" m_a="0.362317" m_b="-0.927353" m_c="0.927353" m_d="0.362317" m_tx="23.282619" m_ty="-108.365860"/>
   <element name="BEARD" layername="BEARD" frame="0" z_index="2" m_a="1.000000" m_b="-0.000000" m_c="0.000000" m_d="1.000000" m_tx="7.449990" m_ty="-183.298996"/>
   <element name="arm_lower_cuff" layername="arm_lower_cuff" frame="0" z_index="20" m_a="0.788661" m_b="0.174707" m_c="-0.174709" m_d="0.788672" m_tx="-39.432480" m_ty="-55.207855"/>
   <element name="arm_lower_cuff" layername="ARM_normal" frame="0" z_index="25" m_a="-0.800369" m_b="0.109168" m_c="0.135146" m_d="0.990826" m_tx="39.150043" m_ty="-55.883137"/>
   <element name="swap_object" layername="ARM_carry" frame="0" z_index="29" m_a="0.946248" m_b="0.068990" m_c="-0.068990" m_d="0.946248" m_tx="104.289391" m_ty="-113.326843"/>
   <element name="swap_hat" layername="HAT" frame="0" z_index="1" m_a="1.000000" m_b="-0.000000" m_c="0.000000" m_d="1.000000" m_tx="1.999998" m_ty="-120.098999"/>
   <element name="swap_body" layername="swap_body" frame="0" z_index="8" m_a="1.000000" m_b="-0.000000" m_c="0.000000" m_d="1.000000" m_tx="0.749998" m_ty="-44.299000"/>
   <element name="swap_body_tall" layername="swap_body_tall-9" frame="9" z_index="37" m_a="1.000000" m_b="-0.000000" m_c="0.000000" m_d="1.000000" m_tx="0.749998" m_ty="-44.299000"/>
   <element name="swap_body_tall" layername="swap_body_tall" frame="0" z_index="9" m_a="1.000000" m_b="-0.000000" m_c="0.000000" m_d="1.000000" m_tx="0.749998" m_ty="-44.299000"/>
   <element name="arm_lower_cuff" layername="ARM_carry" frame="0" z_index="32" m_a="0.367737" m_b="0.719220" m_c="0.712997" m_d="-0.364555" m_tx="85.444229" m_ty="-106.395454"/>
   <element name="swap_body" layername="swap_body-9" frame="9" z_index="36" m_a="1.000000" m_b="-0.000000" m_c="0.000000" m_d="1.000000" m_tx="0.749998" m_ty="-44.299000"/>
   <element name="lantern_overlay" layername="lantern_overlay" frame="0" z_index="28" m_a="0.946248" m_b="0.068990" m_c="-0.068990" m_d="0.946248" m_tx="104.289391" m_ty="-113.326843"/>
  </frame>
  <frame idx="175" w="545" h="923" x="51.606720" y="-62.851257">
   <element name="face" layername="face" frame="0" z_index="3" m_a="1.000000" m_b="-0.000000" m_c="0.000000" m_d="1.000000" m_tx="7.887490" m_ty="-183.298996"/>
   <element name="headbase_hat" layername="HEAD_HAT" frame="0" z_index="4" m_a="1.000000" m_b="-0.000000" m_c="0.000000" m_d="1.000000" m_tx="2.437498" m_ty="-120.098991"/>
   <element name="headbase" layername="HEAD" frame="0" z_index="5" m_a="1.000000" m_b="-0.000000" m_c="0.000000" m_d="1.000000" m_tx="2.437498" m_ty="-120.098991"/>
   <element name="hair_hat" layername="HAIR_HAT" frame="0" z_index="6" m_a="1.000000" m_b="-0.000000" m_c="0.000000" m_d="1.000000" m_tx="-0.561513" m_ty="-203.449005"/>
   <element name="hair" layername="HAIR_NOHAT" frame="0" z_index="7" m_a="1.000000" m_b="-0.000000" m_c="0.000000" m_d="1.000000" m_tx="-0.561513" m_ty="-203.449005"/>
   <element name="torso" layername="torso" frame="0" z_index="11" m_a="1.000000" m_b="-0.000000" m_c="0.000000" m_d="1.000000" m_tx="1.187499" m_ty="-44.299000"/>
   <element name="foot" layername="foot" frame="0" z_index="13" m_a="-1.000000" m_b="0.000000" m_c="0.000000" m_d="1.000000" m_tx="7.967297" m_ty="-10.063637"/>
   <element name="foot" layername="foot" frame="0" z_index="14" m_a="1.000000" m_b="0.000000" m_c="-0.000000" m_d="1.000000" m_tx="-5.302910" m_ty="-10.059196"/>
   <element name="leg" layername="leg" frame="0" z_index="15" m_a="-0.999761" m_b="0.021860" m_c="0.021860" m_d="0.999761" m_tx="7.311483" m_ty="-40.056469"/>
   <element name="leg" layername="leg" frame="0" z_index="16" m_a="0.999986" m_b="0.005317" m_c="-0.005317" m_d="0.999986" m_tx="-5.143397" m_ty="-40.058773"/>
   <element name="hand" layername="hand" frame="0" z_index="19" m_a="0.993930" m_b="0.026020" m_c="-0.026020" m_d="0.993931" m_tx="-39.675934" m_ty="-53.020473"/>
   <element name="arm_upper" layername="arm_upper" frame="0" z_index="17" m_a="0.947368" m_b="0.312990" m_c="-0.312991" m_d="0.947372" m_tx="-19.332592" m_ty="-110.542267"/>
   <element name="arm_lower" layername="arm_lower" frame="0" z_index="21" m_a="0.952928" m_b="0.286462" m_c="-0.286462" m_d="0.952929" m_tx="-30.456524" m_ty="-80.805634"/>
   <element name="hand" layername="ARM_normal" frame="0" z_index="22" m_a="-0.993774" m_b="-0.031401" m_c="-0.031401" m_d="0.993774" m_tx="40.037548" m_ty="-53.299019"/>
   <element name="arm_upper" layername="ARM_normal" frame="0" z_index="23" m_a="-0.931121" m_b="0.358444" m_c="0.358444" m_d="0.931121" m_tx="20.637503" m_ty="-110.649010"/>
   <element name="arm_lower" layername="ARM_normal" frame="0" z_index="26" m_a="-0.973281" m_b="0.207018" m_c="0.207018" m_d="0.973281" m_tx="33.137508" m_ty="-81.749008"/>
   <element name="hand" layername="ARM_carry" frame="1" z_index="27" m_a="-0.200444" m_b="-0.973047" m_c="0.973047" m_d="-0.200444" m_tx="92.401825" m_ty="-111.229828"/>
   <element name="arm_upper" layername="ARM_carry" frame="1" z_index="30" m_a="0.362317" m_b="-0.927353" m_c="0.927353" m_d="0.362317" m_tx="23.282619" m_ty="-108.365860"/>
   <element name="arm_lower" layername="ARM_carry" frame="1" z_index="33" m_a="-0.404980" m_b="-0.907353" m_c="0.907353" m_d="-0.404980" m_tx="55.670444" m_ty="-93.549515"/>
   <element name="hairpigtails" layername="hairpigtails" frame="0" z_index="34" m_a="1.000000" m_b="-0.000000" m_c="0.000000" m_d="1.000000" m_tx="-42.911499" m_ty="-177.349014"/>
   <element name="hairpigtails" layername="hairpigtails" frame="1" z_index="35" m_a="1.000000" m_b="-0.000000" m_c="0.000000" m_d="1.000000" m_tx="48.287502" m_ty="-165.098984"/>
   <element name="skirt" layername="skirt" frame="0" z_index="10" m_a="1.000000" m_b="-0.000000" m_c="0.000000" m_d="1.000000" m_tx="1.187499" m_ty="-44.299000"/>
   <element name="torso_pelvis" layername="torso_pelvis" frame="0" z_index="12" m_a="1.000000" m_b="-0.000000" m_c="0.000000" m_d="1.000000" m_tx="1.187499" m_ty="-44.299000"/>
   <element name="arm_upper_skin" layername="arm_upper_skin" frame="0" z_index="18" m_a="0.947368" m_b="0.312990" m_c="-0.312991" m_d="0.947372" m_tx="-19.332592" m_ty="-110.542267"/>
   <element name="arm_upper_skin" layername="ARM_normal" frame="0" z_index="24" m_a="-0.931121" m_b="0.358444" m_c="0.358444" m_d="0.931121" m_tx="20.637503" m_ty="-110.649010"/>
   <element name="arm_upper_skin" layername="ARM_carry" frame="0" z_index="31" m_a="0.362317" m_b="-0.927353" m_c="0.927353" m_d="0.362317" m_tx="23.282619" m_ty="-108.365860"/>
   <element name="BEARD" layername="BEARD" frame="0" z_index="2" m_a="1.000000" m_b="-0.000000" m_c="0.000000" m_d="1.000000" m_tx="7.449990" m_ty="-183.298996"/>
   <element name="arm_lower_cuff" layername="arm_lower_cuff" frame="0" z_index="20" m_a="0.788661" m_b="0.174707" m_c="-0.174709" m_d="0.788672" m_tx="-39.432480" m_ty="-55.207855"/>
   <element name="arm_lower_cuff" layername="ARM_normal" frame="0" z_index="25" m_a="-0.800369" m_b="0.109168" m_c="0.135146" m_d="0.990826" m_tx="39.150043" m_ty="-55.883137"/>
   <element name="swap_object" layername="ARM_carry" frame="0" z_index="29" m_a="0.946248" m_b="0.068990" m_c="-0.068990" m_d="0.946248" m_tx="104.289391" m_ty="-113.326843"/>
   <element name="swap_hat" layername="HAT" frame="0" z_index="1" m_a="1.000000" m_b="-0.000000" m_c="0.000000" m_d="1.000000" m_tx="1.999998" m_ty="-120.098999"/>
   <element name="swap_body" layername="swap_body" frame="0" z_index="8" m_a="1.000000" m_b="-0.000000" m_c="0.000000" m_d="1.000000" m_tx="0.749998" m_ty="-44.299000"/>
   <element name="swap_body_tall" layername="swap_body_tall-9" frame="9" z_index="37" m_a="1.000000" m_b="-0.000000" m_c="0.000000" m_d="1.000000" m_tx="0.749998" m_ty="-44.299000"/>
   <element name="swap_body_tall" layername="swap_body_tall" frame="0" z_index="9" m_a="1.000000" m_b="-0.000000" m_c="0.000000" m_d="1.000000" m_tx="0.749998" m_ty="-44.299000"/>
   <element name="arm_lower_cuff" layername="ARM_carry" frame="0" z_index="32" m_a="0.367737" m_b="0.719220" m_c="0.712997" m_d="-0.364555" m_tx="85.444229" m_ty="-106.395454"/>
   <element name="swap_body" layername="swap_body-9" frame="9" z_index="36" m_a="1.000000" m_b="-0.000000" m_c="0.000000" m_d="1.000000" m_tx="0.749998" m_ty="-44.299000"/>
   <element name="lantern_overlay" layername="lantern_overlay" frame="0" z_index="28" m_a="0.946248" m_b="0.068990" m_c="-0.068990" m_d="0.946248" m_tx="104.289391" m_ty="-113.326843"/>
  </frame>
  <frame idx="200" w="545" h="923" x="51.606720" y="-62.851257">
   <element name="face" layername="face" frame="0" z_index="3" m_a="1.000000" m_b="-0.000000" m_c="0.000000" m_d="1.000000" m_tx="7.887490" m_ty="-183.298996"/>
   <element name="headbase_hat" layername="HEAD_HAT" frame="0" z_index="4" m_a="1.000000" m_b="-0.000000" m_c="0.000000" m_d="1.000000" m_tx="2.437498" m_ty="-120.098991"/>
   <element name="headbase" layername="HEAD" frame="0" z_index="5" m_a="1.000000" m_b="-0.000000" m_c="0.000000" m_d="1.000000" m_tx="2.437498" m_ty="-120.098991"/>
   <element name="hair_hat" layername="HAIR_HAT" frame="0" z_index="6" m_a="1.000000" m_b="-0.000000" m_c="0.000000" m_d="1.000000" m_tx="-0.561513" m_ty="-203.449005"/>
   <element name="hair" layername="HAIR_NOHAT" frame="0" z_index="7" m_a="1.000000" m_b="-0.000000" m_c="0.000000" m_d="1.000000" m_tx="-0.561513" m_ty="-203.449005"/>
   <element name="torso" layername="torso" frame="0" z_index="11" m_a="1.000000" m_b="-0.000000" m_c="0.000000" m_d="1.000000" m_tx="1.187499" m_ty="-44.299000"/>
   <element name="foot" layername="foot" frame="0" z_index="13" m_a="-1.000000" m_b="0.000000" m_c="0.000000" m_d="1.000000" m_tx="7.967297" m_ty="-10.063637"/>
   <element name="foot" layername="foot" frame="0" z_index="14" m_a="1.000000" m_b="0.000000" m_c="-0.000000" m_d="1.000000" m_tx="-5.302910" m_ty="-10.059196"/>
   <element name="leg" layername="leg" frame="0" z_index="15" m_a="-0.999761" m_b="0.021860" m_c="0.021860" m_d="0.999761" m_tx="7.311483" m_ty="-40.056469"/>
   <element name="leg" layername="leg" frame="0" z_index="16" m_a="0.999986" m_b="0.005317" m_c="-0.005317" m_d="0.999986" m_tx="-5.143397" m_ty="-40.058773"/>
   <element name="hand" layername="hand" frame="0" z_index="19" m_a="0.993930" m_b="0.026020" m_c="-0.026020" m_d="0.993931" m_tx="-39.675934" m_ty="-53.020473"/>
   <element name="arm_upper" layername="arm_upper" frame="0" z_index="17" m_a="0.947368" m_b="0.312990" m_c="-0.312991" m_d="0.947372" m_tx="-19.332592" m_ty="-110.542267"/>
   <element name="arm_lower" layername="arm_lower" frame="0" z_index="21" m_a="0.952928" m_b="0.286462" m_c="-0.286462" m_d="0.952929" m_tx="-30.456524" m_ty="-80.805634"/>
   <element name="hand" layername="ARM_normal" frame="0" z_index="22" m_a="-0.993774" m_b="-0.031401" m_c="-0.031401" m_d="0.993774" m_tx="40.037548" m_ty="-53.299019"/>
   <element name="arm_upper" layername="ARM_normal" frame="0" z_index="23" m_a="-0.931121" m_b="0.358444" m_c="0.358444" m_d="0.931121" m_tx="20.637503" m_ty="-110.649010"/>
   <element name="arm_lower" layername="ARM_normal" frame="0" z_index="26" m_a="-0.973281" m_b="0.207018" m_c="0.207018" m_d="0.973281" m_tx="33.137508" m_ty="-81.749008"/>
   <element name="hand" layername="ARM_carry" frame="1" z_index="27" m_a="-0.200444" m_b="-0.973047" m_c="0.973047" m_d="-0.200444" m_tx="92.401825" m_ty="-111.229828"/>
   <element name="arm_upper" layername="ARM_carry" frame="1" z_index="30" m_a="0.362317" m_b="-0.927353" m_c="0.927353" m_d="0.362317" m_tx="23.282619" m_ty="-108.365860"/>
   <element name="arm_lower" layername="ARM_carry" frame="1" z_index="33" m_a="-0.404980" m_b="-0.907353" m_c="0.907353" m_d="-0.404980" m_tx="55.670444" m_ty="-93.549515"/>
   <element name="hairpigtails" layername="hairpigtails" frame="0" z_index="34" m_a="1.000000" m_b="-0.000000" m_c="0.000000" m_d="1.000000" m_tx="-42.911499" m_ty="-177.349014"/>
   <element name="hairpigtails" layername="hairpigtails" frame="1" z_index="35" m_a="1.000000" m_b="-0.000000" m_c="0.000000" m_d="1.000000" m_tx="48.287502" m_ty="-165.098984"/>
   <element name="skirt" layername="skirt" frame="0" z_index="10" m_a="1.000000" m_b="-0.000000" m_c="0.000000" m_d="1.000000" m_tx="1.187499" m_ty="-44.299000"/>
   <element name="torso_pelvis" layername="torso_pelvis" frame="0" z_index="12" m_a="1.000000" m_b="-0.000000" m_c="0.000000" m_d="1.000000" m_tx="1.187499" m_ty="-44.299000"/>
   <element name="arm_upper_skin" layername="arm_upper_skin" frame="0" z_index="18" m_a="0.947368" m_b="0.312990" m_c="-0.312991" m_d="0.947372" m_tx="-19.332592" m_ty="-110.542267"/>
   <element name="arm_upper_skin" layername="ARM_normal" frame="0" z_index="24" m_a="-0.931121" m_b="0.358444" m_c="0.358444" m_d="0.931121" m_tx="20.637503" m_ty="-110.649010"/>
   <element name="arm_upper_skin" layername="ARM_carry" frame="0" z_index="31" m_a="0.362317" m_b="-0.927353" m_c="0.927353" m_d="0.362317" m_tx="23.282619" m_ty="-108.365860"/>
   <element name="BEARD" layername="BEARD" frame="0" z_index="2" m_a="1.000000" m_b="-0.000000" m_c="0.000000" m_d="1.000000" m_tx="7.449990" m_ty="-183.298996"/>
   <element name="arm_lower_cuff" layername="arm_lower_cuff" frame="0" z_index="20" m_a="0.788661" m_b="0.174707" m_c="-0.174709" m_d="0.788672" m_tx="-39.432480" m_ty="-55.207855"/>
   <element name="arm_lower_cuff" layername="ARM_normal" frame="0" z_index="25" m_a="-0.800369" m_b="0.109168" m_c="0.135146" m_d="0.990826" m_tx="39.150043" m_ty="-55.883137"/>
   <element name="swap_object" layername="ARM_carry" frame="0" z_index="29" m_a="0.946248" m_b="0.068990" m_c="-0.068990" m_d="0.946248" m_tx="104.289391" m_ty="-113.326843"/>
   <element name="swap_hat" layername="HAT" frame="0" z_index="1" m_a="1.000000" m_b="-0.000000" m_c="0.000000" m_d="1.000000" m_tx="1.999998" m_ty="-120.098999"/>
   <element name="swap_body" layername="swap_body" frame="0" z_index="8" m_a="1.000000" m_b="-0.000000" m_c="0.000000" m_d="1.000000" m_tx="0.749998" m_ty="-44.299000"/>
   <element name="swap_body_tall" layername="swap_body_tall-9" frame="9" z_index="37" m_a="1.000000" m_b="-0.000000" m_c="0.000000" m_d="1.000000" m_tx="0.749998" m_ty="-44.299000"/>
   <element name="swap_body_tall" layername="swap_body_tall" frame="0" z_index="9" m_a="1.000000" m_b="-0.000000" m_c="0.000000" m_d="1.000000" m_tx="0.749998" m_ty="-44.299000"/>
   <element name="arm_lower_cuff" layername="ARM_carry" frame="0" z_index="32" m_a="0.367737" m_b="0.719220" m_c="0.712997" m_d="-0.364555" m_tx="85.444229" m_ty="-106.395454"/>
   <element name="swap_body" layername="swap_body-9" frame="9" z_index="36" m_a="1.000000" m_b="-0.000000" m_c="0.000000" m_d="1.000000" m_tx="0.749998" m_ty="-44.299000"/>
   <element name="lantern_overlay" layername="lantern_overlay" frame="0" z_index="28" m_a="0.946248" m_b="0.068990" m_c="-0.068990" m_d="0.946248" m_tx="104.289391" m_ty="-113.326843"/>
  </frame>
  <frame idx="225" w="545" h="923" x="51.606720" y="-62.851257">
   <element name="face" layername="face" frame="0" z_index="3" m_a="1.000000" m_b="-0.000000" m_c="0.000000" m_d="1.000000" m_tx="7.887490" m_ty="-183.298996"/>
   <element name="headbase_hat" layername="HEAD_HAT" frame="0" z_index="4" m_a="1.000000" m_b="-0.000000" m_c="0.000000" m_d="1.000000" m_tx="2.437498" m_ty="-120.098991"/>
   <element name="headbase" layername="HEAD" frame="0" z_index="5" m_a="1.000000" m_b="-0.000000" m_c="0.000000" m_d="1.000000" m_tx="2.437498" m_ty="-120.098991"/>
   <element name="hair_hat" layername="HAIR_HAT" frame="0" z_index="6" m_a="1.000000" m_b="-0.000000" m_c="0.000000" m_d="1.000000" m_tx="-0.561513" m_ty="-203.449005"/>
   <element name="hair" layername="HAIR_NOHAT" frame="0" z_index="7" m_a="1.000000" m_b="-0.000000" m_c="0.000000" m_d="1.000000" m_tx="-0.561513" m_ty="-203.449005"/>
   <element name="torso" layername="torso" frame="0" z_index="11" m_a="1.000000" m_b="-0.000000" m_c="0.000000" m_d="1.000000" m_tx="1.187499" m_ty="-44.299000"/>
   <element name="foot" layername="foot" frame="0" z_index="13" m_a="-1.000000" m_b="0.000000" m_c="0.000000" m_d="1.000000" m_tx="7.967297" m_ty="-10.063637"/>
   <element name="foot" layername="foot" frame="0" z_index="14" m_a="1.000000" m_b="0.000000" m_c="-0.000000" m_d="1.000000" m_tx="-5.302910" m_ty="-10.059196"/>
   <element name="leg" layername="leg" frame="0" z_index="15" m_a="-0.999761" m_b="0.021860" m_c="0.021860" m_d="0.999761" m_tx="7.311483" m_ty="-40.056469"/>
   <element name="leg" layername="leg" frame="0" z_index="16" m_a="0.999986" m_b="0.005317" m_c="-0.005317" m_d="0.999986" m_tx="-5.143397" m_ty="-40.058773"/>
   <element name="hand" layername="hand" frame="0" z_index="19" m_a="0.993930" m_b="0.026020" m_c="-0.026020" m_d="0.993931" m_tx="-39.675934" m_ty="-53.020473"/>
   <element name="arm_upper" layername="arm_upper" frame="0" z_index="17" m_a="0.947368" m_b="0.312990" m_c="-0.312991" m_d="0.947372" m_tx="-19.332592" m_ty="-110.542267"/>
   <element name="arm_lower" layername="arm_lower" frame="0" z_index="21" m_a="0.952928" m_b="0.286462" m_c="-0.286462" m_d="0.952929" m_tx="-30.456524" m_ty="-80.805634"/>
   <element name="hand" layername="ARM_normal" frame="0" z_index="22" m_a="-0.993774" m_b="-0.031401" m_c="-0.031401" m_d="0.993774" m_tx="40.037548" m_ty="-53.299019"/>
   <element name="arm_upper" layername="ARM_normal" frame="0" z_index="23" m_a="-0.931121" m_b="0.358444" m_c="0.358444" m_d="0.931121" m_tx="20.637503" m_ty="-110.649010"/>
   <element name="arm_lower" layername="ARM_normal" frame="0" z_index="26" m_a="-0.973281" m_b="0.207018" m_c="0.207018" m_d="0.973281" m_tx="33.137508" m_ty="-81.749008"/>
   <element name="hand" layername="ARM_carry" frame="1" z_index="27" m_a="-0.200444" m_b="-0.973047" m_c="0.973047" m_d="-0.200444" m_tx="92.401825" m_ty="-111.229828"/>
   <element name="arm_upper" layername="ARM_carry" frame="1" z_index="30" m_a="0.362317" m_b="-0.927353" m_c="0.927353" m_d="0.362317" m_tx="23.282619" m_ty="-108.365860"/>
   <element name="arm_lower" layername="ARM_carry" frame="1" z_index="33" m_a="-0.404980" m_b="-0.907353" m_c="0.907353" m_d="-0.404980" m_tx="55.670444" m_ty="-93.549515"/>
   <element name="hairpigtails" layername="hairpigtails" frame="0" z_index="34" m_a="1.000000" m_b="-0.000000" m_c="0.000000" m_d="1.000000" m_tx="-42.911499" m_ty="-177.349014"/>
   <element name="hairpigtails" layername="hairpigtails" frame="1" z_index="35" m_a="1.000000" m_b="-0.000000" m_c="0.000000" m_d="1.000000" m_tx="48.287502" m_ty="-165.098984"/>
   <element name="skirt" layername="skirt" frame="0" z_index="10" m_a="1.000000" m_b="-0.000000" m_c="0.000000" m_d="1.000000" m_tx="1.187499" m_ty="-44.299000"/>
   <element name="torso_pelvis" layername="torso_pelvis" frame="0" z_index="12" m_a="1.000000" m_b="-0.000000" m_c="0.000000" m_d="1.000000" m_tx="1.187499" m_ty="-44.299000"/>
   <element name="arm_upper_skin" layername="arm_upper_skin" frame="0" z_index="18" m_a="0.947368" m_b="0.312990" m_c="-0.312991" m_d="0.947372" m_tx="-19.332592" m_ty="-110.542267"/>
   <element name="arm_upper_skin" layername="ARM_normal" frame="0" z_index="24" m_a="-0.931121" m_b="0.358444" m_c="0.358444" m_d="0.931121" m_tx="20.637503" m_ty="-110.649010"/>
   <element name="arm_upper_skin" layername="ARM_carry" frame="0" z_index="31" m_a="0.362317" m_b="-0.927353" m_c="0.927353" m_d="0.362317" m_tx="23.282619" m_ty="-108.365860"/>
   <element name="BEARD" layername="BEARD" frame="0" z_index="2" m_a="1.000000" m_b="-0.000000" m_c="0.000000" m_d="1.000000" m_tx="7.449990" m_ty="-183.298996"/>
   <element name="arm_lower_cuff" layername="arm_lower_cuff" frame="0" z_index="20" m_a="0.788661" m_b="0.174707" m_c="-0.174709" m_d="0.788672" m_tx="-39.432480" m_ty="-55.207855"/>
   <element name="arm_lower_cuff" layername="ARM_normal" frame="0" z_index="25" m_a="-0.800369" m_b="0.109168" m_c="0.135146" m_d="0.990826" m_tx="39.150043" m_ty="-55.883137"/>
   <element name="swap_object" layername="ARM_carry" frame="0" z_index="29" m_a="0.946248" m_b="0.068990" m_c="-0.068990" m_d="0.946248" m_tx="104.289391" m_ty="-113.326843"/>
   <element name="swap_hat" layername="HAT" frame="0" z_index="1" m_a="1.000000" m_b="-0.000000" m_c="0.000000" m_d="1.000000" m_tx="1.999998" m_ty="-120.098999"/>
   <element name="swap_body" layername="swap_body" frame="0" z_index="8" m_a="1.000000" m_b="-0.000000" m_c="0.000000" m_d="1.000000" m_tx="0.749998" m_ty="-44.299000"/>
   <element name="swap_body_tall" layername="swap_body_tall-9" frame="9" z_index="37" m_a="1.000000" m_b="-0.000000" m_c="0.000000" m_d="1.000000" m_tx="0.749998" m_ty="-44.299000"/>
   <element name="swap_body_tall" layername="swap_body_tall" frame="0" z_index="9" m_a="1.000000" m_b="-0.000000" m_c="0.000000" m_d="1.000000" m_tx="0.749998" m_ty="-44.299000"/>
   <element name="arm_lower_cuff" layername="ARM_carry" frame="0" z_index="32" m_a="0.367737" m_b="0.719220" m_c="0.712997" m_d="-0.364555" m_tx="85.444229" m_ty="-106.395454"/>
   <element name="swap_body" layername="swap_body-9" frame="9" z_index="36" m_a="1.000000" m_b="-0.000000" m_c="0.000000" m_d="1.000000" m_tx="0.749998" m_ty="-44.299000"/>
   <element name="lantern_overlay" layername="lantern_overlay" frame="0" z_index="28" m_a="0.946248" m_b="0.068990" m_c="-0.068990" m_d="0.946248" m_tx="104.289391" m_ty="-113.326843"/>
  </frame>
  <frame idx="250" w="545" h="923" x="51.606720" y="-62.851257">
   <element name="face" layername="face" frame="0" z_index="37" m_a="0.999794" m_b="0.020285" m_c="-0.020285" m_d="0.999794" m_tx="7.675581" m_ty="-115.894104"/>
   <element name="headbase_hat" layername="HEAD_HAT" frame="0" z_index="4" m_a="1.000000" m_b="-0.000000" m_c="0.000000" m_d="1.000000" m_tx="2.437498" m_ty="-120.098991"/>
   <element name="headbase" layername="HEAD" frame="0" z_index="5" m_a="1.000000" m_b="-0.000000" m_c="0.000000" m_d="1.000000" m_tx="2.437498" m_ty="-120.098991"/>
   <element name="hair_hat" layername="HAIR_HAT" frame="0" z_index="6" m_a="1.000000" m_b="-0.000000" m_c="0.000000" m_d="1.000000" m_tx="-0.561513" m_ty="-203.449005"/>
   <element name="hair" layername="HAIR_NOHAT" frame="0" z_index="7" m_a="1.000000" m_b="-0.000000" m_c="0.000000" m_d="1.000000" m_tx="-0.561513" m_ty="-203.449005"/>
   <element name="torso" layername="torso" frame="0" z_index="11" m_a="1.000000" m_b="-0.000000" m_c="0.000000" m_d="1.000000" m_tx="1.187499" m_ty="-44.299000"/>
   <element name="foot" layername="foot" frame="0" z_index="13" m_a="-1.000000" m_b="0.000000" m_c="0.000000" m_d="1.000000" m_tx="7.967297" m_ty="-10.063637"/>
   <element name="foot" layername="foot" frame="0" z_index="14" m_a="1.000000" m_b="0.000000" m_c="-0.000000" m_d="1.000000" m_tx="-5.302910" m_ty="-10.059196"/>
   <element name="leg" layername="leg" frame="0" z_index="15" m_a="-0.999761" m_b="0.021860" m_c="0.021860" m_d="0.999761" m_tx="7.311483" m_ty="-40.056469"/>
   <element name="leg" layername="leg" frame="0" z_index="16" m_a="0.999986" m_b="0.005317" m_c="-0.005317" m_d="0.999986" m_tx="-5.143397" m_ty="-40.058773"/>
   <element name="hand" layername="hand" frame="0" z_index="19" m_a="0.993930" m_b="0.026020" m_c="-0.026020" m_d="0.993931" m_tx="-39.675934" m_ty="-53.020473"/>
   <element name="arm_upper" layername="arm_upper" frame="0" z_index="17" m_a="0.947368" m_b="0.312990" m_c="-0.312991" m_d="0.947372" m_tx="-19.332592" m_ty="-110.542267"/>
   <element name="arm_lower" layername="arm_lower" frame="0" z_index="21" m_a="0.952928" m_b="0.286462" m_c="-0.286462" m_d="0.952929" m_tx="-30.456524" m_ty="-80.805634"/>
   <element name="hand" layername="ARM_normal" frame="0" z_index="22" m_a="-0.993774" m_b="-0.031401" m_c="-0.031401" m_d="0.993774" m_tx="40.037548" m_ty="-53.299019"/>
   <element name="arm_upper" layername="ARM_normal" frame="0" z_index="23" m_a="-0.931121" m_b="0.358444" m_c="0.358444" m_d="0.931121" m_tx="20.637503" m_ty="-110.649010"/>
   <element name="arm_lower" layername="ARM_normal" frame="0" z_index="26" m_a="-0.973281" m_b="0.207018" m_c="0.207018" m_d="0.973281" m_tx="33.137508" m_ty="-81.749008"/>
   <element name="hand" layername="ARM_carry" frame="1" z_index="27" m_a="-0.200444" m_b="-0.973047" m_c="0.973047" m_d="-0.200444" m_tx="92.401825" m_ty="-111.229828"/>
   <element name="arm_upper" layername="ARM_carry" frame="1" z_index="30" m_a="0.362317" m_b="-0.927353" m_c="0.927353" m_d="0.362317" m_tx="23.282619" m_ty="-108.365860"/>
   <element name="arm_lower" layername="ARM_carry" frame="1" z_index="33" m_a="-0.404980" m_b="-0.907353" m_c="0.907353" m_d="-0.404980" m_tx="55.670444" m_ty="-93.549515"/>
   <element name="hairpigtails" layername="hairpigtails" frame="0" z_index="34" m_a="1.000000" m_b="-0.000000" m_c="0.000000" m_d="1.000000" m_tx="-42.911499" m_ty="-177.349014"/>
   <element name="hairpigtails" layername="hairpigtails" frame="1" z_index="35" m_a="1.000000" m_b="-0.000000" m_c="0.000000" m_d="1.000000" m_tx="48.287502" m_ty="-165.098984"/>
   <element name="skirt" layername="skirt" frame="0" z_index="10" m_a="1.000000" m_b="-0.000000" m_c="0.000000" m_d="1.000000" m_tx="1.187499" m_ty="-44.299000"/>
   <element name="torso_pelvis" layername="torso_pelvis" frame="0" z_index="12" m_a="1.000000" m_b="-0.000000" m_c="0.000000" m_d="1.000000" m_tx="1.187499" m_ty="-44.299000"/>
   <element name="arm_upper_skin" layername="arm_upper_skin" frame="0" z_index="18" m_a="0.947368" m_b="0.312990" m_c="-0.312991" m_d="0.947372" m_tx="-19.332592" m_ty="-110.542267"/>
   <element name="arm_upper_skin" layername="ARM_normal" frame="0" z_index="24" m_a="-0.931121" m_b="0.358444" m_c="0.358444" m_d="0.931121" m_tx="20.637503" m_ty="-110.649010"/>
   <element name="arm_upper_skin" layername="ARM_carry" frame="0" z_index="31" m_a="0.362317" m_b="-0.927353" m_c="0.927353" m_d="0.362317" m_tx="23.282619" m_ty="-108.365860"/>
   <element name="BEARD" layername="BEARD" frame="0" z_index="2" m_a="1.000000" m_b="-0.000000" m_c="0.000000" m_d="1.000000" m_tx="7.449990" m_ty="-183.298996"/>
   <element name="arm_lower_cuff" layername="arm_lower_cuff" frame="0" z_index="20" m_a="0.788661" m_b="0.174707" m_c="-0.174709" m_d="0.788672" m_tx="-39.432480" m_ty="-55.207855"/>
   <element name="arm_lower_cuff" layername="ARM_normal" frame="0" z_index="25" m_a="-0.800369" m_b="0.109168" m_c="0.135146" m_d="0.990826" m_tx="39.150043" m_ty="-55.883137"/>
   <element name="swap_object" layername="ARM_carry" frame="0" z_index="29" m_a="0.946248" m_b="0.068990" m_c="-0.068990" m_d="0.946248" m_tx="104.289391" m_ty="-113.326843"/>
   <element name="swap_hat" layername="HAT" frame="0" z_index="1" m_a="1.000000" m_b="-0.000000" m_c="0.000000" m_d="1.000000" m_tx="1.999998" m_ty="-120.098999"/>
   <element name="swap_body" layername="swap_body" frame="0" z_index="8" m_a="1.000000" m_b="-0.000000" m_c="0.000000" m_d="1.000000" m_tx="0.749998" m_ty="-44.299000"/>
   <element name="swap_body_tall" layername="swap_body_tall-9" frame="9" z_index="37" m_a="1.000000" m_b="-0.000000" m_c="0.000000" m_d="1.000000" m_tx="0.749998" m_ty="-44.299000"/>
   <element name="swap_body_tall" layername="swap_body_tall" frame="0" z_index="9" m_a="1.000000" m_b="-0.000000" m_c="0.000000" m_d="1.000000" m_tx="0.749998" m_ty="-44.299000"/>
   <element name="arm_lower_cuff" layername="ARM_carry" frame="0" z_index="32" m_a="0.367737" m_b="0.719220" m_c="0.712997" m_d="-0.364555" m_tx="85.444229" m_ty="-106.395454"/>
   <element name="swap_body" layername="swap_body-9" frame="9" z_index="36" m_a="1.000000" m_b="-0.000000" m_c="0.000000" m_d="1.000000" m_tx="0.749998" m_ty="-44.299000"/>
   <element name="lantern_overlay" layername="lantern_overlay" frame="0" z_index="28" m_a="0.946248" m_b="0.068990" m_c="-0.068990" m_d="0.946248" m_tx="104.289391" m_ty="-113.326843"/>
  </frame>
  <frame idx="275" w="545" h="923" x="51.606720" y="-62.851257">
   <element name="face" layername="face" frame="0" z_index="37" m_a="0.999794" m_b="0.020285" m_c="-0.020285" m_d="0.999794" m_tx="7.675581" m_ty="-115.894104"/>
   <element name="headbase_hat" layername="HEAD_HAT" frame="0" z_index="4" m_a="1.000000" m_b="-0.000000" m_c="0.000000" m_d="1.000000" m_tx="2.437498" m_ty="-120.098991"/>
   <element name="headbase" layername="HEAD" frame="0" z_index="5" m_a="1.000000" m_b="-0.000000" m_c="0.000000" m_d="1.000000" m_tx="2.437498" m_ty="-120.098991"/>
   <element name="hair_hat" layername="HAIR_HAT" frame="0" z_index="6" m_a="1.000000" m_b="-0.000000" m_c="0.000000" m_d="1.000000" m_tx="-0.561513" m_ty="-203.449005"/>
   <element name="hair" layername="HAIR_NOHAT" frame="0" z_index="7" m_a="1.000000" m_b="-0.000000" m_c="0.000000" m_d="1.000000" m_tx="-0.561513" m_ty="-203.449005"/>
   <element name="torso" layername="torso" frame="0" z_index="11" m_a="1.000000" m_b="-0.000000" m_c="0.000000" m_d="1.000000" m_tx="1.187499" m_ty="-44.299000"/>
   <element name="foot" layername="foot" frame="0" z_index="13" m_a="-1.000000" m_b="0.000000" m_c="0.000000" m_d="1.000000" m_tx="7.967297" m_ty="-10.063637"/>
   <element name="foot" layername="foot" frame="0" z_index="14" m_a="1.000000" m_b="0.000000" m_c="-0.000000" m_d="1.000000" m_tx="-5.302910" m_ty="-10.059196"/>
   <element name="leg" layername="leg" frame="0" z_index="15" m_a="-0.999761" m_b="0.021860" m_c="0.021860" m_d="0.999761" m_tx="7.311483" m_ty="-40.056469"/>
   <element name="leg" layername="leg" frame="0" z_index="16" m_a="0.999986" m_b="0.005317" m_c="-0.005317" m_d="0.999986" m_tx="-5.143397" m_ty="-40.058773"/>
   <element name="hand" layername="hand" frame="0" z_index="19" m_a="0.993930" m_b="0.026020" m_c="-0.026020" m_d="0.993931" m_tx="-39.675934" m_ty="-53.020473"/>
   <element name="arm_upper" layername="arm_upper" frame="0" z_index="17" m_a="0.947368" m_b="0.312990" m_c="-0.312991" m_d="0.947372" m_tx="-19.332592" m_ty="-110.542267"/>
   <element name="arm_lower" layername="arm_lower" frame="0" z_index="21" m_a="0.952928" m_b="0.286462" m_c="-0.286462" m_d="0.952929" m_tx="-30.456524" m_ty="-80.805634"/>
   <element name="hand" layername="ARM_normal" frame="0" z_index="22" m_a="-0.993774" m_b="-0.031401" m_c="-0.031401" m_d="0.993774" m_tx="40.037548" m_ty="-53.299019"/>
   <element name="arm_upper" layername="ARM_normal" frame="0" z_index="23" m_a="-0.931121" m_b="0.358444" m_c="0.358444" m_d="0.931121" m_tx="20.637503" m_ty="-110.649010"/>
   <element name="arm_lower" layername="ARM_normal" frame="0" z_index="26" m_a="-0.973281" m_b="0.207018" m_c="0.207018" m_d="0.973281" m_tx="33.137508" m_ty="-81.749008"/>
   <element name="hand" layername="ARM_carry" frame="1" z_index="27" m_a="-0.200444" m_b="-0.973047" m_c="0.973047" m_d="-0.200444" m_tx="92.401825" m_ty="-111.229828"/>
   <element name="arm_upper" layername="ARM_carry" frame="1" z_index="30" m_a="0.362317" m_b="-0.927353" m_c="0.927353" m_d="0.362317" m_tx="23.282619" m_ty="-108.365860"/>
   <element name="arm_lower" layername="ARM_carry" frame="1" z_index="33" m_a="-0.404980" m_b="-0.907353" m_c="0.907353" m_d="-0.404980" m_tx="55.670444" m_ty="-93.549515"/>
   <element name="hairpigtails" layername="hairpigtails" frame="0" z_index="34" m_a="1.000000" m_b="-0.000000" m_c="0.000000" m_d="1.000000" m_tx="-42.911499" m_ty="-177.349014"/>
   <element name="hairpigtails" layername="hairpigtails" frame="1" z_index="35" m_a="1.000000" m_b="-0.000000" m_c="0.000000" m_d="1.000000" m_tx="48.287502" m_ty="-165.098984"/>
   <element name="skirt" layername="skirt" frame="0" z_index="10" m_a="1.000000" m_b="-0.000000" m_c="0.000000" m_d="1.000000" m_tx="1.187499" m_ty="-44.299000"/>
   <element name="torso_pelvis" layername="torso_pelvis" frame="0" z_index="12" m_a="1.000000" m_b="-0.000000" m_c="0.000000" m_d="1.000000" m_tx="1.187499" m_ty="-44.299000"/>
   <element name="arm_upper_skin" layername="arm_upper_skin" frame="0" z_index="18" m_a="0.947368" m_b="0.312990" m_c="-0.312991" m_d="0.947372" m_tx="-19.332592" m_ty="-110.542267"/>
   <element name="arm_upper_skin" layername="ARM_normal" frame="0" z_index="24" m_a="-0.931121" m_b="0.358444" m_c="0.358444" m_d="0.931121" m_tx="20.637503" m_ty="-110.649010"/>
   <element name="arm_upper_skin" layername="ARM_carry" frame="0" z_index="31" m_a="0.362317" m_b="-0.927353" m_c="0.927353" m_d="0.362317" m_tx="23.282619" m_ty="-108.365860"/>
   <element name="BEARD" layername="BEARD" frame="0" z_index="2" m_a="1.000000" m_b="-0.000000" m_c="0.000000" m_d="1.000000" m_tx="7.449990" m_ty="-183.298996"/>
   <element name="arm_lower_cuff" layername="arm_lower_cuff" frame="0" z_index="20" m_a="0.788661" m_b="0.174707" m_c="-0.174709" m_d="0.788672" m_tx="-39.432480" m_ty="-55.207855"/>
   <element name="arm_lower_cuff" layername="ARM_normal" frame="0" z_index="25" m_a="-0.800369" m_b="0.109168" m_c="0.135146" m_d="0.990826" m_tx="39.150043" m_ty="-55.883137"/>
   <element name="swap_object" layername="ARM_carry" frame="0" z_index="29" m_a="0.946248" m_b="0.068990" m_c="-0.068990" m_d="0.946248" m_tx="104.289391" m_ty="-113.326843"/>
   <element name="swap_hat" layername="HAT" frame="0" z_index="1" m_a="1.000000" m_b="-0.000000" m_c="0.000000" m_d="1.000000" m_tx="1.999998" m_ty="-120.098999"/>
   <element name="swap_body" layername="swap_body" frame="0" z_index="8" m_a="1.000000" m_b="-0.000000" m_c="0.000000" m_d="1.000000" m_tx="0.749998" m_ty="-44.299000"/>
   <element name="swap_body_tall" layername="swap_body_tall-9" frame="9" z_index="37" m_a="1.000000" m_b="-0.000000" m_c="0.000000" m_d="1.000000" m_tx="0.749998" m_ty="-44.299000"/>
   <element name="swap_body_tall" layername="swap_body_tall" frame="0" z_index="9" m_a="1.000000" m_b="-0.000000" m_c="0.000000" m_d="1.000000" m_tx="0.749998" m_ty="-44.299000"/>
   <element name="arm_lower_cuff" layername="ARM_carry" frame="0" z_index="32" m_a="0.367737" m_b="0.719220" m_c="0.712997" m_d="-0.364555" m_tx="85.444229" m_ty="-106.395454"/>
   <element name="swap_body" layername="swap_body-9" frame="9" z_index="36" m_a="1.000000" m_b="-0.000000" m_c="0.000000" m_d="1.000000" m_tx="0.749998" m_ty="-44.299000"/>
   <element name="lantern_overlay" layername="lantern_overlay" frame="0" z_index="28" m_a="0.946248" m_b="0.068990" m_c="-0.068990" m_d="0.946248" m_tx="104.289391" m_ty="-113.326843"/>
  </frame>
 </anim>
</Anims>
