<Anims>
 <anim name="anim" root="hutao_blood_blossom" numframes="10000" framerate="40">
  <frame idx="0" w="449" h="433" x="-7.035202" y="7.035202">
   <element name="symbol0" layername="image" frame="0" z_index="1" m_a="1.000000" m_b="0.000000" m_c="0.000000" m_d="1.000000" m_tx="0.000000" m_ty="0.000000"/>
  </frame>
  <frame idx="25" w="459" h="437" x="-10.201340" y="10.151993">
   <element name="symbol0" layername="image" frame="0" z_index="1" m_a="0.999877" m_b="0.015707" m_c="-0.015707" m_d="0.999877" m_tx="0.000000" m_ty="0.000000"/>
  </frame>
  <frame idx="50" w="469" h="440" x="-13.416046" y="13.218658">
   <element name="symbol0" layername="image" frame="0" z_index="1" m_a="0.999507" m_b="0.031411" m_c="-0.031411" m_d="0.999507" m_tx="0.000000" m_ty="0.000000"/>
  </frame>
  <frame idx="75" w="480" h="444" x="-16.678528" y="16.234451">
   <element name="symbol0" layername="image" frame="0" z_index="1" m_a="0.998890" m_b="0.047106" m_c="-0.047106" m_d="0.998890" m_tx="0.000000" m_ty="0.000000"/>
  </frame>
  <frame idx="100" w="490" h="447" x="-19.987961" y="19.198654">
   <element name="symbol0" layername="image" frame="0" z_index="1" m_a="0.998027" m_b="0.062791" m_c="-0.062791" m_d="0.998027" m_tx="0.000000" m_ty="0.000000"/>
  </frame>
  <frame idx="125" w="500" h="450" x="-23.343552" y="22.110489">
   <element name="symbol0" layername="image" frame="0" z_index="1" m_a="0.996917" m_b="0.078459" m_c="-0.078459" m_d="0.996917" m_tx="0.000000" m_ty="0.000000"/>
  </frame>
  <frame idx="150" w="510" h="453" x="-26.744476" y="24.969254">
   <element name="symbol0" layername="image" frame="0" z_index="1" m_a="0.995562" m_b="0.094108" m_c="-0.094108" m_d="0.995562" m_tx="0.000000" m_ty="0.000000"/>
  </frame>
  <frame idx="175" w="520" h="456" x="-30.189880" y="27.774246">
   <element name="symbol0" layername="image" frame="0" z_index="1" m_a="0.993961" m_b="0.109734" m_c="-0.109734" m_d="0.993961" m_tx="0.000000" m_ty="0.000000"/>
  </frame>
  <frame idx="200" w="530" h="459" x="-33.678894" y="30.524796">
   <element name="symbol0" layername="image" frame="0" z_index="1" m_a="0.992115" m_b="0.125333" m_c="-0.125333" m_d="0.992115" m_tx="0.000000" m_ty="0.000000"/>
  </frame>
  <frame idx="225" w="539" h="462" x="-37.210724" y="33.220169">
   <element name="symbol0" layername="image" frame="0" z_index="1" m_a="0.990024" m_b="0.140901" m_c="-0.140901" m_d="0.990024" m_tx="0.000000" m_ty="0.000000"/>
  </frame>
  <frame idx="250" w="549" h="465" x="-40.784424" y="35.859756">
   <element name="symbol0" layername="image" frame="0" z_index="1" m_a="0.987688" m_b="0.156434" m_c="-0.156434" m_d="0.987688" m_tx="0.000000" m_ty="0.000000"/>
  </frame>
  <frame idx="275" w="559" h="468" x="-44.399139" y="38.442886">
   <element name="symbol0" layername="image" frame="0" z_index="1" m_a="0.985109" m_b="0.171929" m_c="-0.171929" m_d="0.985109" m_tx="0.000000" m_ty="0.000000"/>
  </frame>
  <frame idx="300" w="568" h="470" x="-48.054016" y="40.968918">
   <element name="symbol0" layername="image" frame="0" z_index="1" m_a="0.982287" m_b="0.187381" m_c="-0.187381" m_d="0.982287" m_tx="0.000000" m_ty="0.000000"/>
  </frame>
  <frame idx="325" w="578" h="473" x="-51.748077" y="43.437241">
   <element name="symbol0" layername="image" frame="0" z_index="1" m_a="0.979223" m_b="0.202787" m_c="-0.202787" m_d="0.979223" m_tx="0.000000" m_ty="0.000000"/>
  </frame>
  <frame idx="350" w="588" h="476" x="-55.480499" y="45.847183">
   <element name="symbol0" layername="image" frame="0" z_index="1" m_a="0.975917" m_b="0.218143" m_c="-0.218143" m_d="0.975917" m_tx="0.000000" m_ty="0.000000"/>
  </frame>
  <frame idx="375" w="597" h="479" x="-59.250305" y="48.198257">
   <element name="symbol0" layername="image" frame="0" z_index="1" m_a="0.972370" m_b="0.233445" m_c="-0.233445" m_d="0.972370" m_tx="0.000000" m_ty="0.000000"/>
  </frame>
  <frame idx="400" w="605" h="481" x="-63.056549" y="50.489792">
   <element name="symbol0" layername="image" frame="0" z_index="1" m_a="0.968583" m_b="0.248690" m_c="-0.248690" m_d="0.968583" m_tx="0.000000" m_ty="0.000000"/>
  </frame>
  <frame idx="425" w="615" h="483" x="-66.898315" y="52.721298">
   <element name="symbol0" layername="image" frame="0" z_index="1" m_a="0.964557" m_b="0.263873" m_c="-0.263873" m_d="0.964557" m_tx="0.000000" m_ty="0.000000"/>
  </frame>
  <frame idx="450" w="624" h="486" x="-70.774689" y="54.892166">
   <element name="symbol0" layername="image" frame="0" z_index="1" m_a="0.960294" m_b="0.278991" m_c="-0.278991" m_d="0.960294" m_tx="0.000000" m_ty="0.000000"/>
  </frame>
  <frame idx="475" w="633" h="488" x="-74.684662" y="57.001877">
   <element name="symbol0" layername="image" frame="0" z_index="1" m_a="0.955793" m_b="0.294040" m_c="-0.294040" m_d="0.955793" m_tx="0.000000" m_ty="0.000000"/>
  </frame>
  <frame idx="500" w="642" h="490" x="-78.627289" y="59.049911">
   <element name="symbol0" layername="image" frame="0" z_index="1" m_a="0.951057" m_b="0.309017" m_c="-0.309017" m_d="0.951057" m_tx="0.000000" m_ty="0.000000"/>
  </frame>
  <frame idx="525" w="651" h="492" x="-82.601624" y="61.035751">
   <element name="symbol0" layername="image" frame="0" z_index="1" m_a="0.946085" m_b="0.323917" m_c="-0.323917" m_d="0.946085" m_tx="0.000000" m_ty="0.000000"/>
  </frame>
  <frame idx="550" w="659" h="494" x="-86.606628" y="62.958939">
   <element name="symbol0" layername="image" frame="0" z_index="1" m_a="0.940881" m_b="0.338738" m_c="-0.338738" m_d="0.940881" m_tx="0.000000" m_ty="0.000000"/>
  </frame>
  <frame idx="575" w="668" h="497" x="-90.641357" y="64.818985">
   <element name="symbol0" layername="image" frame="0" z_index="1" m_a="0.935444" m_b="0.353475" m_c="-0.353475" m_d="0.935444" m_tx="0.000000" m_ty="0.000000"/>
  </frame>
  <frame idx="600" w="676" h="499" x="-94.704834" y="66.615402">
   <element name="symbol0" layername="image" frame="0" z_index="1" m_a="0.929776" m_b="0.368125" m_c="-0.368125" m_d="0.929776" m_tx="0.000000" m_ty="0.000000"/>
  </frame>
  <frame idx="625" w="685" h="501" x="-98.795990" y="68.347794">
   <element name="symbol0" layername="image" frame="0" z_index="1" m_a="0.923880" m_b="0.382683" m_c="-0.382683" m_d="0.923880" m_tx="0.000000" m_ty="0.000000"/>
  </frame>
  <frame idx="650" w="692" h="502" x="-102.913849" y="70.015701">
   <element name="symbol0" layername="image" frame="0" z_index="1" m_a="0.917755" m_b="0.397148" m_c="-0.397148" m_d="0.917755" m_tx="0.000000" m_ty="0.000000"/>
  </frame>
  <frame idx="675" w="701" h="504" x="-107.057404" y="71.618729">
   <element name="symbol0" layername="image" frame="0" z_index="1" m_a="0.911403" m_b="0.411514" m_c="-0.411514" m_d="0.911403" m_tx="0.000000" m_ty="0.000000"/>
  </frame>
  <frame idx="700" w="709" h="506" x="-111.225647" y="73.156448">
   <element name="symbol0" layername="image" frame="0" z_index="1" m_a="0.904827" m_b="0.425779" m_c="-0.425779" m_d="0.904827" m_tx="0.000000" m_ty="0.000000"/>
  </frame>
  <frame idx="725" w="717" h="508" x="-115.417511" y="74.628555">
   <element name="symbol0" layername="image" frame="0" z_index="1" m_a="0.898028" m_b="0.439939" m_c="-0.439939" m_d="0.898028" m_tx="0.000000" m_ty="0.000000"/>
  </frame>
  <frame idx="750" w="724" h="509" x="-119.632019" y="76.034622">
   <element name="symbol0" layername="image" frame="0" z_index="1" m_a="0.891006" m_b="0.453991" m_c="-0.453991" m_d="0.891006" m_tx="0.000000" m_ty="0.000000"/>
  </frame>
  <frame idx="775" w="732" h="511" x="-123.868042" y="77.374283">
   <element name="symbol0" layername="image" frame="0" z_index="1" m_a="0.883766" m_b="0.467930" m_c="-0.467930" m_d="0.883766" m_tx="0.000000" m_ty="0.000000"/>
  </frame>
  <frame idx="800" w="740" h="512" x="-128.124603" y="78.647263">
   <element name="symbol0" layername="image" frame="0" z_index="1" m_a="0.876307" m_b="0.481754" m_c="-0.481754" m_d="0.876307" m_tx="0.000000" m_ty="0.000000"/>
  </frame>
  <frame idx="825" w="747" h="513" x="-132.400635" y="79.853226">
   <element name="symbol0" layername="image" frame="0" z_index="1" m_a="0.868631" m_b="0.495459" m_c="-0.495459" m_d="0.868631" m_tx="0.000000" m_ty="0.000000"/>
  </frame>
  <frame idx="850" w="754" h="514" x="-136.695068" y="80.991867">
   <element name="symbol0" layername="image" frame="0" z_index="1" m_a="0.860742" m_b="0.509041" m_c="-0.509041" m_d="0.860742" m_tx="0.000000" m_ty="0.000000"/>
  </frame>
  <frame idx="875" w="762" h="515" x="-141.006897" y="82.062943">
   <element name="symbol0" layername="image" frame="0" z_index="1" m_a="0.852640" m_b="0.522499" m_c="-0.522499" m_d="0.852640" m_tx="0.000000" m_ty="0.000000"/>
  </frame>
  <frame idx="900" w="768" h="516" x="-145.334991" y="83.066147">
   <element name="symbol0" layername="image" frame="0" z_index="1" m_a="0.844328" m_b="0.535827" m_c="-0.535827" m_d="0.844328" m_tx="0.000000" m_ty="0.000000"/>
  </frame>
  <frame idx="925" w="775" h="517" x="-149.678284" y="84.001236">
   <element name="symbol0" layername="image" frame="0" z_index="1" m_a="0.835807" m_b="0.549023" m_c="-0.549023" m_d="0.835807" m_tx="0.000000" m_ty="0.000000"/>
  </frame>
  <frame idx="950" w="781" h="519" x="-154.035767" y="84.867966">
   <element name="symbol0" layername="image" frame="0" z_index="1" m_a="0.827081" m_b="0.562083" m_c="-0.562083" m_d="0.827081" m_tx="0.000000" m_ty="0.000000"/>
  </frame>
  <frame idx="975" w="788" h="520" x="-158.406311" y="85.666183">
   <element name="symbol0" layername="image" frame="0" z_index="1" m_a="0.818150" m_b="0.575005" m_c="-0.575005" m_d="0.818150" m_tx="0.000000" m_ty="0.000000"/>
  </frame>
  <frame idx="1000" w="795" h="521" x="-162.788849" y="86.395645">
   <element name="symbol0" layername="image" frame="0" z_index="1" m_a="0.809017" m_b="0.587785" m_c="-0.587785" m_d="0.809017" m_tx="0.000000" m_ty="0.000000"/>
  </frame>
  <frame idx="1025" w="801" h="521" x="-167.182312" y="87.056168">
   <element name="symbol0" layername="image" frame="0" z_index="1" m_a="0.799685" m_b="0.600420" m_c="-0.600420" m_d="0.799685" m_tx="0.000000" m_ty="0.000000"/>
  </frame>
  <frame idx="1050" w="807" h="522" x="-171.585602" y="87.647629">
   <element name="symbol0" layername="image" frame="0" z_index="1" m_a="0.790155" m_b="0.612907" m_c="-0.612907" m_d="0.790155" m_tx="0.000000" m_ty="0.000000"/>
  </frame>
  <frame idx="1075" w="813" h="523" x="-175.997650" y="88.169815">
   <element name="symbol0" layername="image" frame="0" z_index="1" m_a="0.780430" m_b="0.625243" m_c="-0.625243" m_d="0.780430" m_tx="0.000000" m_ty="0.000000"/>
  </frame>
  <frame idx="1100" w="819" h="523" x="-180.417358" y="88.622635">
   <element name="symbol0" layername="image" frame="0" z_index="1" m_a="0.770513" m_b="0.637424" m_c="-0.637424" m_d="0.770513" m_tx="0.000000" m_ty="0.000000"/>
  </frame>
  <frame idx="1125" w="824" h="523" x="-184.843597" y="89.005997">
   <element name="symbol0" layername="image" frame="0" z_index="1" m_a="0.760406" m_b="0.649448" m_c="-0.649448" m_d="0.760406" m_tx="0.000000" m_ty="0.000000"/>
  </frame>
  <frame idx="1150" w="830" h="524" x="-189.275391" y="89.319778">
   <element name="symbol0" layername="image" frame="0" z_index="1" m_a="0.750111" m_b="0.661312" m_c="-0.661312" m_d="0.750111" m_tx="0.000000" m_ty="0.000000"/>
  </frame>
  <frame idx="1175" w="835" h="524" x="-193.711456" y="89.563919">
   <element name="symbol0" layername="image" frame="0" z_index="1" m_a="0.739631" m_b="0.673012" m_c="-0.673012" m_d="0.739631" m_tx="0.000000" m_ty="0.000000"/>
  </frame>
  <frame idx="1200" w="841" h="524" x="-198.150909" y="89.738327">
   <element name="symbol0" layername="image" frame="0" z_index="1" m_a="0.728969" m_b="0.684547" m_c="-0.684547" m_d="0.728969" m_tx="0.000000" m_ty="0.000000"/>
  </frame>
  <frame idx="1225" w="846" h="524" x="-202.592529" y="89.843002">
   <element name="symbol0" layername="image" frame="0" z_index="1" m_a="0.718126" m_b="0.695913" m_c="-0.695913" m_d="0.718126" m_tx="0.000000" m_ty="0.000000"/>
  </frame>
  <frame idx="1250" w="851" h="524" x="-207.035217" y="89.877914">
   <element name="symbol0" layername="image" frame="0" z_index="1" m_a="0.707107" m_b="0.707107" m_c="-0.707107" m_d="0.707107" m_tx="0.000000" m_ty="0.000000"/>
  </frame>
  <frame idx="1275" w="856" h="524" x="-211.477875" y="89.843033">
   <element name="symbol0" layername="image" frame="0" z_index="1" m_a="0.695913" m_b="0.718126" m_c="-0.718126" m_d="0.695913" m_tx="0.000000" m_ty="0.000000"/>
  </frame>
  <frame idx="1300" w="861" h="524" x="-215.919525" y="89.738358">
   <element name="symbol0" layername="image" frame="0" z_index="1" m_a="0.684547" m_b="0.728969" m_c="-0.728969" m_d="0.684547" m_tx="0.000000" m_ty="0.000000"/>
  </frame>
  <frame idx="1325" w="865" h="524" x="-220.358917" y="89.563919">
   <element name="symbol0" layername="image" frame="0" z_index="1" m_a="0.673013" m_b="0.739631" m_c="-0.739631" m_d="0.673013" m_tx="0.000000" m_ty="0.000000"/>
  </frame>
  <frame idx="1350" w="869" h="524" x="-224.795074" y="89.319778">
   <element name="symbol0" layername="image" frame="0" z_index="1" m_a="0.661312" m_b="0.750111" m_c="-0.750111" m_d="0.661312" m_tx="0.000000" m_ty="0.000000"/>
  </frame>
  <frame idx="1375" w="874" h="523" x="-229.226776" y="89.005997">
   <element name="symbol0" layername="image" frame="0" z_index="1" m_a="0.649448" m_b="0.760406" m_c="-0.760406" m_d="0.649448" m_tx="0.000000" m_ty="0.000000"/>
  </frame>
  <frame idx="1400" w="877" h="523" x="-233.653046" y="88.622635">
   <element name="symbol0" layername="image" frame="0" z_index="1" m_a="0.637424" m_b="0.770513" m_c="-0.770513" m_d="0.637424" m_tx="0.000000" m_ty="0.000000"/>
  </frame>
  <frame idx="1425" w="882" h="523" x="-238.072784" y="88.169815">
   <element name="symbol0" layername="image" frame="0" z_index="1" m_a="0.625243" m_b="0.780430" m_c="-0.780430" m_d="0.625243" m_tx="0.000000" m_ty="0.000000"/>
  </frame>
  <frame idx="1450" w="885" h="522" x="-242.484802" y="87.647629">
   <element name="symbol0" layername="image" frame="0" z_index="1" m_a="0.612907" m_b="0.790155" m_c="-0.790155" m_d="0.612907" m_tx="0.000000" m_ty="0.000000"/>
  </frame>
  <frame idx="1475" w="888" h="521" x="-246.888092" y="87.056168">
   <element name="symbol0" layername="image" frame="0" z_index="1" m_a="0.600420" m_b="0.799685" m_c="-0.799685" m_d="0.600420" m_tx="0.000000" m_ty="0.000000"/>
  </frame>
  <frame idx="1500" w="893" h="521" x="-251.281586" y="86.395615">
   <element name="symbol0" layername="image" frame="0" z_index="1" m_a="0.587785" m_b="0.809017" m_c="-0.809017" m_d="0.587785" m_tx="0.000000" m_ty="0.000000"/>
  </frame>
  <frame idx="1525" w="895" h="520" x="-255.664124" y="85.666183">
   <element name="symbol0" layername="image" frame="0" z_index="1" m_a="0.575005" m_b="0.818150" m_c="-0.818150" m_d="0.575005" m_tx="0.000000" m_ty="0.000000"/>
  </frame>
  <frame idx="1550" w="898" h="519" x="-260.034637" y="84.867996">
   <element name="symbol0" layername="image" frame="0" z_index="1" m_a="0.562083" m_b="0.827081" m_c="-0.827081" m_d="0.562083" m_tx="0.000000" m_ty="0.000000"/>
  </frame>
  <frame idx="1575" w="901" h="517" x="-264.392120" y="84.001236">
   <element name="symbol0" layername="image" frame="0" z_index="1" m_a="0.549023" m_b="0.835807" m_c="-0.835807" m_d="0.549023" m_tx="0.000000" m_ty="0.000000"/>
  </frame>
  <frame idx="1600" w="904" h="516" x="-268.735413" y="83.066147">
   <element name="symbol0" layername="image" frame="0" z_index="1" m_a="0.535827" m_b="0.844328" m_c="-0.844328" m_d="0.535827" m_tx="0.000000" m_ty="0.000000"/>
  </frame>
  <frame idx="1625" w="907" h="515" x="-273.063507" y="82.062943">
   <element name="symbol0" layername="image" frame="0" z_index="1" m_a="0.522499" m_b="0.852640" m_c="-0.852640" m_d="0.522499" m_tx="0.000000" m_ty="0.000000"/>
  </frame>
  <frame idx="1650" w="909" h="514" x="-277.375336" y="80.991867">
   <element name="symbol0" layername="image" frame="0" z_index="1" m_a="0.509041" m_b="0.860742" m_c="-0.860742" m_d="0.509041" m_tx="0.000000" m_ty="0.000000"/>
  </frame>
  <frame idx="1675" w="911" h="513" x="-281.669769" y="79.853226">
   <element name="symbol0" layername="image" frame="0" z_index="1" m_a="0.495459" m_b="0.868632" m_c="-0.868632" m_d="0.495459" m_tx="0.000000" m_ty="0.000000"/>
  </frame>
  <frame idx="1700" w="913" h="512" x="-285.945801" y="78.647263">
   <element name="symbol0" layername="image" frame="0" z_index="1" m_a="0.481754" m_b="0.876307" m_c="-0.876307" m_d="0.481754" m_tx="0.000000" m_ty="0.000000"/>
  </frame>
  <frame idx="1725" w="915" h="511" x="-290.202393" y="77.374283">
   <element name="symbol0" layername="image" frame="0" z_index="1" m_a="0.467930" m_b="0.883766" m_c="-0.883766" m_d="0.467930" m_tx="0.000000" m_ty="0.000000"/>
  </frame>
  <frame idx="1750" w="917" h="509" x="-294.438446" y="76.034622">
   <element name="symbol0" layername="image" frame="0" z_index="1" m_a="0.453990" m_b="0.891007" m_c="-0.891007" m_d="0.453990" m_tx="0.000000" m_ty="0.000000"/>
  </frame>
  <frame idx="1775" w="918" h="508" x="-298.652863" y="74.628555">
   <element name="symbol0" layername="image" frame="0" z_index="1" m_a="0.439939" m_b="0.898028" m_c="-0.898028" m_d="0.439939" m_tx="0.000000" m_ty="0.000000"/>
  </frame>
  <frame idx="1800" w="920" h="506" x="-302.844788" y="73.156448">
   <element name="symbol0" layername="image" frame="0" z_index="1" m_a="0.425779" m_b="0.904827" m_c="-0.904827" m_d="0.425779" m_tx="0.000000" m_ty="0.000000"/>
  </frame>
  <frame idx="1825" w="921" h="504" x="-307.013000" y="71.618698">
   <element name="symbol0" layername="image" frame="0" z_index="1" m_a="0.411514" m_b="0.911403" m_c="-0.911403" m_d="0.411514" m_tx="0.000000" m_ty="0.000000"/>
  </frame>
  <frame idx="1850" w="922" h="502" x="-311.156555" y="70.015701">
   <element name="symbol0" layername="image" frame="0" z_index="1" m_a="0.397148" m_b="0.917755" m_c="-0.917755" m_d="0.397148" m_tx="0.000000" m_ty="0.000000"/>
  </frame>
  <frame idx="1875" w="922" h="501" x="-315.274414" y="68.347763">
   <element name="symbol0" layername="image" frame="0" z_index="1" m_a="0.382683" m_b="0.923880" m_c="-0.923880" m_d="0.382683" m_tx="0.000000" m_ty="0.000000"/>
  </frame>
  <frame idx="1900" w="923" h="499" x="-319.365601" y="66.615402">
   <element name="symbol0" layername="image" frame="0" z_index="1" m_a="0.368125" m_b="0.929776" m_c="-0.929776" m_d="0.368125" m_tx="0.000000" m_ty="0.000000"/>
  </frame>
  <frame idx="1925" w="923" h="497" x="-323.429016" y="64.818985">
   <element name="symbol0" layername="image" frame="0" z_index="1" m_a="0.353475" m_b="0.935444" m_c="-0.935444" m_d="0.353475" m_tx="0.000000" m_ty="0.000000"/>
  </frame>
  <frame idx="1950" w="924" h="494" x="-327.463745" y="62.958939">
   <element name="symbol0" layername="image" frame="0" z_index="1" m_a="0.338738" m_b="0.940881" m_c="-0.940881" m_d="0.338738" m_tx="0.000000" m_ty="0.000000"/>
  </frame>
  <frame idx="1975" w="924" h="492" x="-331.468811" y="61.035751">
   <element name="symbol0" layername="image" frame="0" z_index="1" m_a="0.323917" m_b="0.946085" m_c="-0.946085" m_d="0.323917" m_tx="0.000000" m_ty="0.000000"/>
  </frame>
  <frame idx="2000" w="924" h="490" x="-335.443115" y="59.049911">
   <element name="symbol0" layername="image" frame="0" z_index="1" m_a="0.309017" m_b="0.951057" m_c="-0.951057" m_d="0.309017" m_tx="0.000000" m_ty="0.000000"/>
  </frame>
  <frame idx="2025" w="924" h="488" x="-339.385742" y="57.001846">
   <element name="symbol0" layername="image" frame="0" z_index="1" m_a="0.294040" m_b="0.955793" m_c="-0.955793" m_d="0.294040" m_tx="0.000000" m_ty="0.000000"/>
  </frame>
  <frame idx="2050" w="924" h="486" x="-343.295746" y="54.892166">
   <element name="symbol0" layername="image" frame="0" z_index="1" m_a="0.278991" m_b="0.960294" m_c="-0.960294" m_d="0.278991" m_tx="0.000000" m_ty="0.000000"/>
  </frame>
  <frame idx="2075" w="923" h="483" x="-347.172058" y="52.721298">
   <element name="symbol0" layername="image" frame="0" z_index="1" m_a="0.263873" m_b="0.964557" m_c="-0.964557" m_d="0.263873" m_tx="0.000000" m_ty="0.000000"/>
  </frame>
  <frame idx="2100" w="922" h="481" x="-351.013855" y="50.489792">
   <element name="symbol0" layername="image" frame="0" z_index="1" m_a="0.248690" m_b="0.968583" m_c="-0.968583" m_d="0.248690" m_tx="0.000000" m_ty="0.000000"/>
  </frame>
  <frame idx="2125" w="922" h="479" x="-354.820129" y="48.198257">
   <element name="symbol0" layername="image" frame="0" z_index="1" m_a="0.233445" m_b="0.972370" m_c="-0.972370" m_d="0.233445" m_tx="0.000000" m_ty="0.000000"/>
  </frame>
  <frame idx="2150" w="921" h="476" x="-358.589935" y="45.847183">
   <element name="symbol0" layername="image" frame="0" z_index="1" m_a="0.218143" m_b="0.975917" m_c="-0.975917" m_d="0.218143" m_tx="0.000000" m_ty="0.000000"/>
  </frame>
  <frame idx="2175" w="920" h="473" x="-362.322327" y="43.437210">
   <element name="symbol0" layername="image" frame="0" z_index="1" m_a="0.202787" m_b="0.979223" m_c="-0.979223" m_d="0.202787" m_tx="0.000000" m_ty="0.000000"/>
  </frame>
  <frame idx="2200" w="918" h="470" x="-366.016357" y="40.968918">
   <element name="symbol0" layername="image" frame="0" z_index="1" m_a="0.187381" m_b="0.982287" m_c="-0.982287" m_d="0.187381" m_tx="0.000000" m_ty="0.000000"/>
  </frame>
  <frame idx="2225" w="917" h="468" x="-369.671234" y="38.442886">
   <element name="symbol0" layername="image" frame="0" z_index="1" m_a="0.171929" m_b="0.985109" m_c="-0.985109" m_d="0.171929" m_tx="0.000000" m_ty="0.000000"/>
  </frame>
  <frame idx="2250" w="915" h="465" x="-373.285980" y="35.859787">
   <element name="symbol0" layername="image" frame="0" z_index="1" m_a="0.156434" m_b="0.987688" m_c="-0.987688" m_d="0.156434" m_tx="0.000000" m_ty="0.000000"/>
  </frame>
  <frame idx="2275" w="913" h="462" x="-376.859711" y="33.220169">
   <element name="symbol0" layername="image" frame="0" z_index="1" m_a="0.140901" m_b="0.990024" m_c="-0.990024" m_d="0.140901" m_tx="0.000000" m_ty="0.000000"/>
  </frame>
  <frame idx="2300" w="911" h="459" x="-380.391541" y="30.524765">
   <element name="symbol0" layername="image" frame="0" z_index="1" m_a="0.125333" m_b="0.992115" m_c="-0.992115" m_d="0.125333" m_tx="0.000000" m_ty="0.000000"/>
  </frame>
  <frame idx="2325" w="909" h="456" x="-383.880493" y="27.774277">
   <element name="symbol0" layername="image" frame="0" z_index="1" m_a="0.109734" m_b="0.993961" m_c="-0.993961" m_d="0.109734" m_tx="0.000000" m_ty="0.000000"/>
  </frame>
  <frame idx="2350" w="907" h="453" x="-387.325928" y="24.969254">
   <element name="symbol0" layername="image" frame="0" z_index="1" m_a="0.094108" m_b="0.995562" m_c="-0.995562" m_d="0.094108" m_tx="0.000000" m_ty="0.000000"/>
  </frame>
  <frame idx="2375" w="904" h="450" x="-390.726837" y="22.110489">
   <element name="symbol0" layername="image" frame="0" z_index="1" m_a="0.078459" m_b="0.996917" m_c="-0.996917" m_d="0.078459" m_tx="0.000000" m_ty="0.000000"/>
  </frame>
  <frame idx="2400" w="901" h="447" x="-394.082489" y="19.198624">
   <element name="symbol0" layername="image" frame="0" z_index="1" m_a="0.062790" m_b="0.998027" m_c="-0.998027" m_d="0.062790" m_tx="0.000000" m_ty="0.000000"/>
  </frame>
  <frame idx="2425" w="898" h="444" x="-397.391876" y="16.234451">
   <element name="symbol0" layername="image" frame="0" z_index="1" m_a="0.047106" m_b="0.998890" m_c="-0.998890" m_d="0.047106" m_tx="0.000000" m_ty="0.000000"/>
  </frame>
  <frame idx="2450" w="896" h="440" x="-400.654388" y="13.218643">
   <element name="symbol0" layername="image" frame="0" z_index="1" m_a="0.031411" m_b="0.999507" m_c="-0.999507" m_d="0.031411" m_tx="0.000000" m_ty="0.000000"/>
  </frame>
  <frame idx="2475" w="893" h="437" x="-403.869049" y="10.152008">
   <element name="symbol0" layername="image" frame="0" z_index="1" m_a="0.015707" m_b="0.999877" m_c="-0.999877" m_d="0.015707" m_tx="0.000000" m_ty="0.000000"/>
  </frame>
  <frame idx="2500" w="889" h="433" x="-407.035217" y="7.035202">
   <element name="symbol0" layername="image" frame="0" z_index="1" m_a="0.000000" m_b="1.000000" m_c="-1.000000" m_d="0.000000" m_tx="0.000000" m_ty="0.000000"/>
  </frame>
  <frame idx="2525" w="899" h="444" x="-410.151886" y="3.869171">
   <element name="symbol0" layername="image" frame="0" z_index="1" m_a="-0.015707" m_b="0.999877" m_c="-0.999877" m_d="-0.015707" m_tx="0.000000" m_ty="0.000000"/>
  </frame>
  <frame idx="2550" w="909" h="454" x="-413.218597" y="0.654465">
   <element name="symbol0" layername="image" frame="0" z_index="1" m_a="-0.031410" m_b="0.999507" m_c="-0.999507" m_d="-0.031410" m_tx="0.000000" m_ty="0.000000"/>
  </frame>
  <frame idx="2575" w="919" h="465" x="-416.234467" y="-2.608124">
   <element name="symbol0" layername="image" frame="0" z_index="1" m_a="-0.047106" m_b="0.998890" m_c="-0.998890" m_d="-0.047106" m_tx="0.000000" m_ty="0.000000"/>
  </frame>
  <frame idx="2600" w="929" h="475" x="-419.198669" y="-5.917557">
   <element name="symbol0" layername="image" frame="0" z_index="1" m_a="-0.062791" m_b="0.998027" m_c="-0.998027" m_d="-0.062791" m_tx="0.000000" m_ty="0.000000"/>
  </frame>
  <frame idx="2625" w="939" h="484" x="-422.110413" y="-9.273056">
   <element name="symbol0" layername="image" frame="0" z_index="1" m_a="-0.078459" m_b="0.996917" m_c="-0.996917" m_d="-0.078459" m_tx="0.000000" m_ty="0.000000"/>
  </frame>
  <frame idx="2650" w="948" h="494" x="-424.969269" y="-12.674072">
   <element name="symbol0" layername="image" frame="0" z_index="1" m_a="-0.094108" m_b="0.995562" m_c="-0.995562" m_d="-0.094108" m_tx="0.000000" m_ty="0.000000"/>
  </frame>
  <frame idx="2675" w="957" h="504" x="-427.774170" y="-16.119385">
   <element name="symbol0" layername="image" frame="0" z_index="1" m_a="-0.109734" m_b="0.993961" m_c="-0.993961" m_d="-0.109734" m_tx="0.000000" m_ty="0.000000"/>
  </frame>
  <frame idx="2700" w="966" h="514" x="-430.524811" y="-19.608521">
   <element name="symbol0" layername="image" frame="0" z_index="1" m_a="-0.125333" m_b="0.992115" m_c="-0.992115" m_d="-0.125333" m_tx="0.000000" m_ty="0.000000"/>
  </frame>
  <frame idx="2725" w="975" h="524" x="-433.220184" y="-23.140320">
   <element name="symbol0" layername="image" frame="0" z_index="1" m_a="-0.140901" m_b="0.990024" m_c="-0.990024" m_d="-0.140901" m_tx="0.000000" m_ty="0.000000"/>
  </frame>
  <frame idx="2750" w="984" h="534" x="-435.859772" y="-26.714050">
   <element name="symbol0" layername="image" frame="0" z_index="1" m_a="-0.156435" m_b="0.987688" m_c="-0.987688" m_d="-0.156435" m_tx="0.000000" m_ty="0.000000"/>
  </frame>
  <frame idx="2775" w="993" h="544" x="-438.442841" y="-30.328644">
   <element name="symbol0" layername="image" frame="0" z_index="1" m_a="-0.171929" m_b="0.985109" m_c="-0.985109" m_d="-0.171929" m_tx="0.000000" m_ty="0.000000"/>
  </frame>
  <frame idx="2800" w="1000" h="553" x="-440.968842" y="-33.983521">
   <element name="symbol0" layername="image" frame="0" z_index="1" m_a="-0.187381" m_b="0.982287" m_c="-0.982287" m_d="-0.187381" m_tx="0.000000" m_ty="0.000000"/>
  </frame>
  <frame idx="2825" w="1009" h="563" x="-443.437225" y="-37.677704">
   <element name="symbol0" layername="image" frame="0" z_index="1" m_a="-0.202787" m_b="0.979223" m_c="-0.979223" m_d="-0.202787" m_tx="0.000000" m_ty="0.000000"/>
  </frame>
  <frame idx="2850" w="1017" h="572" x="-445.847229" y="-41.410095">
   <element name="symbol0" layername="image" frame="0" z_index="1" m_a="-0.218143" m_b="0.975917" m_c="-0.975917" m_d="-0.218143" m_tx="0.000000" m_ty="0.000000"/>
  </frame>
  <frame idx="2875" w="1025" h="581" x="-448.198273" y="-45.179901">
   <element name="symbol0" layername="image" frame="0" z_index="1" m_a="-0.233445" m_b="0.972370" m_c="-0.972370" m_d="-0.233445" m_tx="0.000000" m_ty="0.000000"/>
  </frame>
  <frame idx="2900" w="1032" h="590" x="-450.489777" y="-48.986053">
   <element name="symbol0" layername="image" frame="0" z_index="1" m_a="-0.248690" m_b="0.968583" m_c="-0.968583" m_d="-0.248690" m_tx="0.000000" m_ty="0.000000"/>
  </frame>
  <frame idx="2925" w="1040" h="600" x="-452.721344" y="-52.827942">
   <element name="symbol0" layername="image" frame="0" z_index="1" m_a="-0.263873" m_b="0.964557" m_c="-0.964557" m_d="-0.263873" m_tx="0.000000" m_ty="0.000000"/>
  </frame>
  <frame idx="2950" w="1047" h="609" x="-454.892120" y="-56.704193">
   <element name="symbol0" layername="image" frame="0" z_index="1" m_a="-0.278991" m_b="0.960294" m_c="-0.960294" m_d="-0.278991" m_tx="0.000000" m_ty="0.000000"/>
  </frame>
  <frame idx="2975" w="1053" h="618" x="-457.001892" y="-60.614288">
   <element name="symbol0" layername="image" frame="0" z_index="1" m_a="-0.294040" m_b="0.955793" m_c="-0.955793" m_d="-0.294040" m_tx="0.000000" m_ty="0.000000"/>
  </frame>
  <frame idx="3000" w="1061" h="626" x="-459.049835" y="-64.556824">
   <element name="symbol0" layername="image" frame="0" z_index="1" m_a="-0.309017" m_b="0.951057" m_c="-0.951057" m_d="-0.309017" m_tx="0.000000" m_ty="0.000000"/>
  </frame>
  <frame idx="3025" w="1067" h="635" x="-461.035736" y="-68.531128">
   <element name="symbol0" layername="image" frame="0" z_index="1" m_a="-0.323917" m_b="0.946085" m_c="-0.946085" m_d="-0.323917" m_tx="0.000000" m_ty="0.000000"/>
  </frame>
  <frame idx="3050" w="1073" h="644" x="-462.958954" y="-72.536255">
   <element name="symbol0" layername="image" frame="0" z_index="1" m_a="-0.338738" m_b="0.940881" m_c="-0.940881" m_d="-0.338738" m_tx="0.000000" m_ty="0.000000"/>
  </frame>
  <frame idx="3075" w="1080" h="653" x="-464.818939" y="-76.570862">
   <element name="symbol0" layername="image" frame="0" z_index="1" m_a="-0.353475" m_b="0.935444" m_c="-0.935444" m_d="-0.353475" m_tx="0.000000" m_ty="0.000000"/>
  </frame>
  <frame idx="3100" w="1085" h="660" x="-466.615387" y="-80.634308">
   <element name="symbol0" layername="image" frame="0" z_index="1" m_a="-0.368124" m_b="0.929777" m_c="-0.929777" m_d="-0.368124" m_tx="0.000000" m_ty="0.000000"/>
  </frame>
  <frame idx="3125" w="1091" h="669" x="-468.347809" y="-84.725616">
   <element name="symbol0" layername="image" frame="0" z_index="1" m_a="-0.382684" m_b="0.923880" m_c="-0.923880" m_d="-0.382684" m_tx="0.000000" m_ty="0.000000"/>
  </frame>
  <frame idx="3150" w="1096" h="677" x="-470.015656" y="-88.843384">
   <element name="symbol0" layername="image" frame="0" z_index="1" m_a="-0.397148" m_b="0.917755" m_c="-0.917755" m_d="-0.397148" m_tx="0.000000" m_ty="0.000000"/>
  </frame>
  <frame idx="3175" w="1102" h="686" x="-471.618713" y="-92.986938">
   <element name="symbol0" layername="image" frame="0" z_index="1" m_a="-0.411514" m_b="0.911403" m_c="-0.911403" m_d="-0.411514" m_tx="0.000000" m_ty="0.000000"/>
  </frame>
  <frame idx="3200" w="1107" h="693" x="-473.156494" y="-97.155273">
   <element name="symbol0" layername="image" frame="0" z_index="1" m_a="-0.425779" m_b="0.904827" m_c="-0.904827" m_d="-0.425779" m_tx="0.000000" m_ty="0.000000"/>
  </frame>
  <frame idx="3225" w="1111" h="701" x="-474.628571" y="-101.347168">
   <element name="symbol0" layername="image" frame="0" z_index="1" m_a="-0.439939" m_b="0.898027" m_c="-0.898027" m_d="-0.439939" m_tx="0.000000" m_ty="0.000000"/>
  </frame>
  <frame idx="3250" w="1117" h="709" x="-476.034576" y="-105.561523">
   <element name="symbol0" layername="image" frame="0" z_index="1" m_a="-0.453990" m_b="0.891007" m_c="-0.891007" m_d="-0.453990" m_tx="0.000000" m_ty="0.000000"/>
  </frame>
  <frame idx="3275" w="1121" h="717" x="-477.374298" y="-109.797546">
   <element name="symbol0" layername="image" frame="0" z_index="1" m_a="-0.467930" m_b="0.883766" m_c="-0.883766" m_d="-0.467930" m_tx="0.000000" m_ty="0.000000"/>
  </frame>
  <frame idx="3300" w="1125" h="724" x="-478.647308" y="-114.054230">
   <element name="symbol0" layername="image" frame="0" z_index="1" m_a="-0.481754" m_b="0.876307" m_c="-0.876307" m_d="-0.481754" m_tx="0.000000" m_ty="0.000000"/>
  </frame>
  <frame idx="3325" w="1129" h="731" x="-479.853241" y="-118.330139">
   <element name="symbol0" layername="image" frame="0" z_index="1" m_a="-0.495458" m_b="0.868632" m_c="-0.868632" m_d="-0.495458" m_tx="0.000000" m_ty="0.000000"/>
  </frame>
  <frame idx="3350" w="1132" h="739" x="-480.991882" y="-122.624603">
   <element name="symbol0" layername="image" frame="0" z_index="1" m_a="-0.509041" m_b="0.860742" m_c="-0.860742" m_d="-0.509041" m_tx="0.000000" m_ty="0.000000"/>
  </frame>
  <frame idx="3375" w="1137" h="745" x="-482.062958" y="-126.936401">
   <element name="symbol0" layername="image" frame="0" z_index="1" m_a="-0.522498" m_b="0.852640" m_c="-0.852640" m_d="-0.522498" m_tx="0.000000" m_ty="0.000000"/>
  </frame>
  <frame idx="3400" w="1140" h="753" x="-483.066132" y="-131.264496">
   <element name="symbol0" layername="image" frame="0" z_index="1" m_a="-0.535827" m_b="0.844328" m_c="-0.844328" m_d="-0.535827" m_tx="0.000000" m_ty="0.000000"/>
  </frame>
  <frame idx="3425" w="1142" h="759" x="-484.001221" y="-135.607819">
   <element name="symbol0" layername="image" frame="0" z_index="1" m_a="-0.549023" m_b="0.835808" m_c="-0.835808" m_d="-0.549023" m_tx="0.000000" m_ty="0.000000"/>
  </frame>
  <frame idx="3450" w="1146" h="766" x="-484.867981" y="-139.965302">
   <element name="symbol0" layername="image" frame="0" z_index="1" m_a="-0.562083" m_b="0.827081" m_c="-0.827081" m_d="-0.562083" m_tx="0.000000" m_ty="0.000000"/>
  </frame>
  <frame idx="3475" w="1148" h="773" x="-485.666199" y="-144.335815">
   <element name="symbol0" layername="image" frame="0" z_index="1" m_a="-0.575005" m_b="0.818150" m_c="-0.818150" m_d="-0.575005" m_tx="0.000000" m_ty="0.000000"/>
  </frame>
  <frame idx="3500" w="1151" h="779" x="-486.395660" y="-148.718384">
   <element name="symbol0" layername="image" frame="0" z_index="1" m_a="-0.587785" m_b="0.809017" m_c="-0.809017" m_d="-0.587785" m_tx="0.000000" m_ty="0.000000"/>
  </frame>
  <frame idx="3525" w="1153" h="786" x="-487.056183" y="-153.111847">
   <element name="symbol0" layername="image" frame="0" z_index="1" m_a="-0.600420" m_b="0.799685" m_c="-0.799685" m_d="-0.600420" m_tx="0.000000" m_ty="0.000000"/>
  </frame>
  <frame idx="3550" w="1154" h="791" x="-487.647614" y="-157.515137">
   <element name="symbol0" layername="image" frame="0" z_index="1" m_a="-0.612907" m_b="0.790155" m_c="-0.790155" m_d="-0.612907" m_tx="0.000000" m_ty="0.000000"/>
  </frame>
  <frame idx="3575" w="1157" h="798" x="-488.169830" y="-161.927185">
   <element name="symbol0" layername="image" frame="0" z_index="1" m_a="-0.625242" m_b="0.780431" m_c="-0.780431" m_d="-0.625242" m_tx="0.000000" m_ty="0.000000"/>
  </frame>
  <frame idx="3600" w="1158" h="803" x="-488.622650" y="-166.347015">
   <element name="symbol0" layername="image" frame="0" z_index="1" m_a="-0.637424" m_b="0.770513" m_c="-0.770513" m_d="-0.637424" m_tx="0.000000" m_ty="0.000000"/>
  </frame>
  <frame idx="3625" w="1159" h="809" x="-489.006012" y="-170.773163">
   <element name="symbol0" layername="image" frame="0" z_index="1" m_a="-0.649448" m_b="0.760406" m_c="-0.760406" m_d="-0.649448" m_tx="0.000000" m_ty="0.000000"/>
  </frame>
  <frame idx="3650" w="1160" h="814" x="-489.319794" y="-175.204987">
   <element name="symbol0" layername="image" frame="0" z_index="1" m_a="-0.661312" m_b="0.750111" m_c="-0.750111" m_d="-0.661312" m_tx="0.000000" m_ty="0.000000"/>
  </frame>
  <frame idx="3675" w="1161" h="820" x="-489.563934" y="-179.641083">
   <element name="symbol0" layername="image" frame="0" z_index="1" m_a="-0.673013" m_b="0.739631" m_c="-0.739631" m_d="-0.673013" m_tx="0.000000" m_ty="0.000000"/>
  </frame>
  <frame idx="3700" w="1162" h="825" x="-489.738373" y="-184.080444">
   <element name="symbol0" layername="image" frame="0" z_index="1" m_a="-0.684547" m_b="0.728969" m_c="-0.728969" m_d="-0.684547" m_tx="0.000000" m_ty="0.000000"/>
  </frame>
  <frame idx="3725" w="1162" h="831" x="-489.843048" y="-188.522034">
   <element name="symbol0" layername="image" frame="0" z_index="1" m_a="-0.695913" m_b="0.718126" m_c="-0.718126" m_d="-0.695913" m_tx="0.000000" m_ty="0.000000"/>
  </frame>
  <frame idx="3750" w="1162" h="835" x="-489.877899" y="-192.964844">
   <element name="symbol0" layername="image" frame="0" z_index="1" m_a="-0.707107" m_b="0.707107" m_c="-0.707107" m_d="-0.707107" m_tx="0.000000" m_ty="0.000000"/>
  </frame>
  <frame idx="3775" w="1162" h="841" x="-489.843018" y="-197.407440">
   <element name="symbol0" layername="image" frame="0" z_index="1" m_a="-0.718126" m_b="0.695913" m_c="-0.695913" m_d="-0.718126" m_tx="0.000000" m_ty="0.000000"/>
  </frame>
  <frame idx="3800" w="1162" h="845" x="-489.738373" y="-201.849030">
   <element name="symbol0" layername="image" frame="0" z_index="1" m_a="-0.728969" m_b="0.684547" m_c="-0.684547" m_d="-0.728969" m_tx="0.000000" m_ty="0.000000"/>
  </frame>
  <frame idx="3825" w="1161" h="850" x="-489.563934" y="-206.288422">
   <element name="symbol0" layername="image" frame="0" z_index="1" m_a="-0.739631" m_b="0.673013" m_c="-0.673013" m_d="-0.739631" m_tx="0.000000" m_ty="0.000000"/>
  </frame>
  <frame idx="3850" w="1160" h="854" x="-489.319794" y="-210.724640">
   <element name="symbol0" layername="image" frame="0" z_index="1" m_a="-0.750111" m_b="0.661312" m_c="-0.661312" m_d="-0.750111" m_tx="0.000000" m_ty="0.000000"/>
  </frame>
  <frame idx="3875" w="1159" h="858" x="-489.006012" y="-215.156342">
   <element name="symbol0" layername="image" frame="0" z_index="1" m_a="-0.760406" m_b="0.649448" m_c="-0.649448" m_d="-0.760406" m_tx="0.000000" m_ty="0.000000"/>
  </frame>
  <frame idx="3900" w="1158" h="862" x="-488.622681" y="-219.582520">
   <element name="symbol0" layername="image" frame="0" z_index="1" m_a="-0.770513" m_b="0.637424" m_c="-0.637424" m_d="-0.770513" m_tx="0.000000" m_ty="0.000000"/>
  </frame>
  <frame idx="3925" w="1157" h="866" x="-488.169830" y="-224.002289">
   <element name="symbol0" layername="image" frame="0" z_index="1" m_a="-0.780430" m_b="0.625243" m_c="-0.625243" m_d="-0.780430" m_tx="0.000000" m_ty="0.000000"/>
  </frame>
  <frame idx="3950" w="1154" h="869" x="-487.647614" y="-228.414368">
   <element name="symbol0" layername="image" frame="0" z_index="1" m_a="-0.790155" m_b="0.612907" m_c="-0.612907" m_d="-0.790155" m_tx="0.000000" m_ty="0.000000"/>
  </frame>
  <frame idx="3975" w="1153" h="873" x="-487.056183" y="-232.817719">
   <element name="symbol0" layername="image" frame="0" z_index="1" m_a="-0.799685" m_b="0.600420" m_c="-0.600420" m_d="-0.799685" m_tx="0.000000" m_ty="0.000000"/>
  </frame>
  <frame idx="4000" w="1151" h="876" x="-486.395660" y="-237.211121">
   <element name="symbol0" layername="image" frame="0" z_index="1" m_a="-0.809017" m_b="0.587785" m_c="-0.587785" m_d="-0.809017" m_tx="0.000000" m_ty="0.000000"/>
  </frame>
  <frame idx="4025" w="1148" h="879" x="-485.666229" y="-241.593658">
   <element name="symbol0" layername="image" frame="0" z_index="1" m_a="-0.818150" m_b="0.575005" m_c="-0.575005" m_d="-0.818150" m_tx="0.000000" m_ty="0.000000"/>
  </frame>
  <frame idx="4050" w="1146" h="883" x="-484.868011" y="-245.964294">
   <element name="symbol0" layername="image" frame="0" z_index="1" m_a="-0.827081" m_b="0.562083" m_c="-0.562083" m_d="-0.827081" m_tx="0.000000" m_ty="0.000000"/>
  </frame>
  <frame idx="4075" w="1142" h="886" x="-484.001251" y="-250.321686">
   <element name="symbol0" layername="image" frame="0" z_index="1" m_a="-0.835807" m_b="0.549023" m_c="-0.549023" m_d="-0.835807" m_tx="0.000000" m_ty="0.000000"/>
  </frame>
  <frame idx="4100" w="1140" h="888" x="-483.066162" y="-254.664978">
   <element name="symbol0" layername="image" frame="0" z_index="1" m_a="-0.844328" m_b="0.535827" m_c="-0.535827" m_d="-0.844328" m_tx="0.000000" m_ty="0.000000"/>
  </frame>
  <frame idx="4125" w="1137" h="891" x="-482.062958" y="-258.993103">
   <element name="symbol0" layername="image" frame="0" z_index="1" m_a="-0.852640" m_b="0.522499" m_c="-0.522499" m_d="-0.852640" m_tx="0.000000" m_ty="0.000000"/>
  </frame>
  <frame idx="4150" w="1132" h="894" x="-480.991882" y="-263.304901">
   <element name="symbol0" layername="image" frame="0" z_index="1" m_a="-0.860742" m_b="0.509041" m_c="-0.509041" m_d="-0.860742" m_tx="0.000000" m_ty="0.000000"/>
  </frame>
  <frame idx="4175" w="1129" h="896" x="-479.853241" y="-267.599365">
   <element name="symbol0" layername="image" frame="0" z_index="1" m_a="-0.868631" m_b="0.495459" m_c="-0.495459" m_d="-0.868631" m_tx="0.000000" m_ty="0.000000"/>
  </frame>
  <frame idx="4200" w="1125" h="898" x="-478.647308" y="-271.875336">
   <element name="symbol0" layername="image" frame="0" z_index="1" m_a="-0.876307" m_b="0.481754" m_c="-0.481754" m_d="-0.876307" m_tx="0.000000" m_ty="0.000000"/>
  </frame>
  <frame idx="4225" w="1121" h="899" x="-477.374298" y="-276.132019">
   <element name="symbol0" layername="image" frame="0" z_index="1" m_a="-0.883766" m_b="0.467930" m_c="-0.467930" m_d="-0.883766" m_tx="0.000000" m_ty="0.000000"/>
  </frame>
  <frame idx="4250" w="1117" h="901" x="-476.034637" y="-280.368011">
   <element name="symbol0" layername="image" frame="0" z_index="1" m_a="-0.891007" m_b="0.453991" m_c="-0.453991" m_d="-0.891007" m_tx="0.000000" m_ty="0.000000"/>
  </frame>
  <frame idx="4275" w="1111" h="902" x="-474.628601" y="-284.582397">
   <element name="symbol0" layername="image" frame="0" z_index="1" m_a="-0.898027" m_b="0.439939" m_c="-0.439939" m_d="-0.898027" m_tx="0.000000" m_ty="0.000000"/>
  </frame>
  <frame idx="4300" w="1107" h="905" x="-473.156525" y="-288.774292">
   <element name="symbol0" layername="image" frame="0" z_index="1" m_a="-0.904827" m_b="0.425780" m_c="-0.425780" m_d="-0.904827" m_tx="0.000000" m_ty="0.000000"/>
  </frame>
  <frame idx="4325" w="1102" h="906" x="-471.618713" y="-292.942627">
   <element name="symbol0" layername="image" frame="0" z_index="1" m_a="-0.911403" m_b="0.411514" m_c="-0.411514" m_d="-0.911403" m_tx="0.000000" m_ty="0.000000"/>
  </frame>
  <frame idx="4350" w="1096" h="907" x="-470.015717" y="-297.086151">
   <element name="symbol0" layername="image" frame="0" z_index="1" m_a="-0.917755" m_b="0.397148" m_c="-0.397148" m_d="-0.917755" m_tx="0.000000" m_ty="0.000000"/>
  </frame>
  <frame idx="4375" w="1091" h="907" x="-468.347839" y="-301.203979">
   <element name="symbol0" layername="image" frame="0" z_index="1" m_a="-0.923879" m_b="0.382684" m_c="-0.382684" m_d="-0.923879" m_tx="0.000000" m_ty="0.000000"/>
  </frame>
  <frame idx="4400" w="1085" h="908" x="-466.615417" y="-305.295166">
   <element name="symbol0" layername="image" frame="0" z_index="1" m_a="-0.929776" m_b="0.368125" m_c="-0.368125" m_d="-0.929776" m_tx="0.000000" m_ty="0.000000"/>
  </frame>
  <frame idx="4425" w="1080" h="908" x="-464.819000" y="-309.358582">
   <element name="symbol0" layername="image" frame="0" z_index="1" m_a="-0.935444" m_b="0.353475" m_c="-0.353475" m_d="-0.935444" m_tx="0.000000" m_ty="0.000000"/>
  </frame>
  <frame idx="4450" w="1073" h="909" x="-462.958984" y="-313.393311">
   <element name="symbol0" layername="image" frame="0" z_index="1" m_a="-0.940881" m_b="0.338738" m_c="-0.338738" m_d="-0.940881" m_tx="0.000000" m_ty="0.000000"/>
  </frame>
  <frame idx="4475" w="1067" h="909" x="-461.035767" y="-317.398376">
   <element name="symbol0" layername="image" frame="0" z_index="1" m_a="-0.946085" m_b="0.323917" m_c="-0.323917" m_d="-0.946085" m_tx="0.000000" m_ty="0.000000"/>
  </frame>
  <frame idx="4500" w="1061" h="909" x="-459.049927" y="-321.372681">
   <element name="symbol0" layername="image" frame="0" z_index="1" m_a="-0.951057" m_b="0.309017" m_c="-0.309017" m_d="-0.951057" m_tx="0.000000" m_ty="0.000000"/>
  </frame>
  <frame idx="4525" w="1053" h="909" x="-457.001923" y="-325.315277">
   <element name="symbol0" layername="image" frame="0" z_index="1" m_a="-0.955793" m_b="0.294041" m_c="-0.294041" m_d="-0.955793" m_tx="0.000000" m_ty="0.000000"/>
  </frame>
  <frame idx="4550" w="1047" h="908" x="-454.892181" y="-329.225342">
   <element name="symbol0" layername="image" frame="0" z_index="1" m_a="-0.960294" m_b="0.278991" m_c="-0.278991" m_d="-0.960294" m_tx="0.000000" m_ty="0.000000"/>
  </frame>
  <frame idx="4575" w="1040" h="908" x="-452.721344" y="-333.101624">
   <element name="symbol0" layername="image" frame="0" z_index="1" m_a="-0.964557" m_b="0.263873" m_c="-0.263873" m_d="-0.964557" m_tx="0.000000" m_ty="0.000000"/>
  </frame>
  <frame idx="4600" w="1032" h="907" x="-450.489807" y="-336.943481">
   <element name="symbol0" layername="image" frame="0" z_index="1" m_a="-0.968583" m_b="0.248690" m_c="-0.248690" m_d="-0.968583" m_tx="0.000000" m_ty="0.000000"/>
  </frame>
  <frame idx="4625" w="1025" h="907" x="-448.198303" y="-340.749634">
   <element name="symbol0" layername="image" frame="0" z_index="1" m_a="-0.972370" m_b="0.233446" m_c="-0.233446" m_d="-0.972370" m_tx="0.000000" m_ty="0.000000"/>
  </frame>
  <frame idx="4650" w="1017" h="906" x="-445.847260" y="-344.519409">
   <element name="symbol0" layername="image" frame="0" z_index="1" m_a="-0.975917" m_b="0.218144" m_c="-0.218144" m_d="-0.975917" m_tx="0.000000" m_ty="0.000000"/>
  </frame>
  <frame idx="4675" w="1009" h="905" x="-443.437256" y="-348.251892">
   <element name="symbol0" layername="image" frame="0" z_index="1" m_a="-0.979223" m_b="0.202787" m_c="-0.202787" m_d="-0.979223" m_tx="0.000000" m_ty="0.000000"/>
  </frame>
  <frame idx="4700" w="1000" h="902" x="-440.968933" y="-351.945953">
   <element name="symbol0" layername="image" frame="0" z_index="1" m_a="-0.982287" m_b="0.187381" m_c="-0.187381" m_d="-0.982287" m_tx="0.000000" m_ty="0.000000"/>
  </frame>
  <frame idx="4725" w="993" h="901" x="-438.442871" y="-355.600861">
   <element name="symbol0" layername="image" frame="0" z_index="1" m_a="-0.985109" m_b="0.171929" m_c="-0.171929" m_d="-0.985109" m_tx="0.000000" m_ty="0.000000"/>
  </frame>
  <frame idx="4750" w="984" h="899" x="-435.859802" y="-359.215515">
   <element name="symbol0" layername="image" frame="0" z_index="1" m_a="-0.987688" m_b="0.156435" m_c="-0.156435" m_d="-0.987688" m_tx="0.000000" m_ty="0.000000"/>
  </frame>
  <frame idx="4775" w="975" h="898" x="-433.220215" y="-362.789246">
   <element name="symbol0" layername="image" frame="0" z_index="1" m_a="-0.990024" m_b="0.140901" m_c="-0.140901" m_d="-0.990024" m_tx="0.000000" m_ty="0.000000"/>
  </frame>
  <frame idx="4800" w="966" h="896" x="-430.524780" y="-366.321106">
   <element name="symbol0" layername="image" frame="0" z_index="1" m_a="-0.992115" m_b="0.125333" m_c="-0.125333" m_d="-0.992115" m_tx="0.000000" m_ty="0.000000"/>
  </frame>
  <frame idx="4825" w="957" h="894" x="-427.774292" y="-369.810120">
   <element name="symbol0" layername="image" frame="0" z_index="1" m_a="-0.993961" m_b="0.109734" m_c="-0.109734" m_d="-0.993961" m_tx="0.000000" m_ty="0.000000"/>
  </frame>
  <frame idx="4850" w="948" h="891" x="-424.969299" y="-373.255493">
   <element name="symbol0" layername="image" frame="0" z_index="1" m_a="-0.995562" m_b="0.094108" m_c="-0.094108" m_d="-0.995562" m_tx="0.000000" m_ty="0.000000"/>
  </frame>
  <frame idx="4875" w="939" h="888" x="-422.110474" y="-376.656494">
   <element name="symbol0" layername="image" frame="0" z_index="1" m_a="-0.996917" m_b="0.078459" m_c="-0.078459" m_d="-0.996917" m_tx="0.000000" m_ty="0.000000"/>
  </frame>
  <frame idx="4900" w="929" h="886" x="-419.198700" y="-380.012024">
   <element name="symbol0" layername="image" frame="0" z_index="1" m_a="-0.998027" m_b="0.062791" m_c="-0.062791" m_d="-0.998027" m_tx="0.000000" m_ty="0.000000"/>
  </frame>
  <frame idx="4925" w="919" h="883" x="-416.234497" y="-383.321472">
   <element name="symbol0" layername="image" frame="0" z_index="1" m_a="-0.998890" m_b="0.047107" m_c="-0.047107" m_d="-0.998890" m_tx="0.000000" m_ty="0.000000"/>
  </frame>
  <frame idx="4950" w="909" h="879" x="-413.218658" y="-386.583984">
   <element name="symbol0" layername="image" frame="0" z_index="1" m_a="-0.999507" m_b="0.031411" m_c="-0.031411" m_d="-0.999507" m_tx="0.000000" m_ty="0.000000"/>
  </frame>
  <frame idx="4975" w="899" h="877" x="-410.151978" y="-389.798706">
   <element name="symbol0" layername="image" frame="0" z_index="1" m_a="-0.999877" m_b="0.015707" m_c="-0.015707" m_d="-0.999877" m_tx="0.000000" m_ty="0.000000"/>
  </frame>
  <frame idx="5000" w="889" h="873" x="-407.035248" y="-392.964783">
   <element name="symbol0" layername="image" frame="0" z_index="1" m_a="-1.000000" m_b="0.000000" m_c="-0.000000" m_d="-1.000000" m_tx="0.000000" m_ty="0.000000"/>
  </frame>
  <frame idx="5025" w="893" h="884" x="-403.869141" y="-396.081512">
   <element name="symbol0" layername="image" frame="0" z_index="1" m_a="-0.999877" m_b="-0.015707" m_c="0.015707" m_d="-0.999877" m_tx="0.000000" m_ty="0.000000"/>
  </frame>
  <frame idx="5050" w="896" h="894" x="-400.654327" y="-399.148285">
   <element name="symbol0" layername="image" frame="0" z_index="1" m_a="-0.999507" m_b="-0.031411" m_c="0.031411" m_d="-0.999507" m_tx="0.000000" m_ty="0.000000"/>
  </frame>
  <frame idx="5075" w="898" h="904" x="-397.391907" y="-402.164032">
   <element name="symbol0" layername="image" frame="0" z_index="1" m_a="-0.998890" m_b="-0.047106" m_c="0.047106" m_d="-0.998890" m_tx="0.000000" m_ty="0.000000"/>
  </frame>
  <frame idx="5100" w="901" h="913" x="-394.082458" y="-405.128235">
   <element name="symbol0" layername="image" frame="0" z_index="1" m_a="-0.998027" m_b="-0.062790" m_c="0.062790" m_d="-0.998027" m_tx="0.000000" m_ty="0.000000"/>
  </frame>
  <frame idx="5125" w="904" h="923" x="-390.726898" y="-408.040009">
   <element name="symbol0" layername="image" frame="0" z_index="1" m_a="-0.996917" m_b="-0.078459" m_c="0.078459" m_d="-0.996917" m_tx="0.000000" m_ty="0.000000"/>
  </frame>
  <frame idx="5150" w="907" h="932" x="-387.325958" y="-410.898834">
   <element name="symbol0" layername="image" frame="0" z_index="1" m_a="-0.995562" m_b="-0.094108" m_c="0.094108" m_d="-0.995562" m_tx="0.000000" m_ty="0.000000"/>
  </frame>
  <frame idx="5175" w="909" h="942" x="-383.880524" y="-413.703827">
   <element name="symbol0" layername="image" frame="0" z_index="1" m_a="-0.993961" m_b="-0.109734" m_c="0.109734" m_d="-0.993961" m_tx="0.000000" m_ty="0.000000"/>
  </frame>
  <frame idx="5200" w="911" h="951" x="-380.391541" y="-416.454315">
   <element name="symbol0" layername="image" frame="0" z_index="1" m_a="-0.992115" m_b="-0.125333" m_c="0.125333" m_d="-0.992115" m_tx="0.000000" m_ty="0.000000"/>
  </frame>
  <frame idx="5225" w="913" h="960" x="-376.859680" y="-419.149750">
   <element name="symbol0" layername="image" frame="0" z_index="1" m_a="-0.990024" m_b="-0.140901" m_c="0.140901" m_d="-0.990024" m_tx="0.000000" m_ty="0.000000"/>
  </frame>
  <frame idx="5250" w="915" h="968" x="-373.285980" y="-421.789337">
   <element name="symbol0" layername="image" frame="0" z_index="1" m_a="-0.987688" m_b="-0.156434" m_c="0.156434" m_d="-0.987688" m_tx="0.000000" m_ty="0.000000"/>
  </frame>
  <frame idx="5275" w="917" h="977" x="-369.671326" y="-424.372437">
   <element name="symbol0" layername="image" frame="0" z_index="1" m_a="-0.985109" m_b="-0.171929" m_c="0.171929" m_d="-0.985109" m_tx="0.000000" m_ty="0.000000"/>
  </frame>
  <frame idx="5300" w="918" h="985" x="-366.016357" y="-426.898499">
   <element name="symbol0" layername="image" frame="0" z_index="1" m_a="-0.982287" m_b="-0.187381" m_c="0.187381" m_d="-0.982287" m_tx="0.000000" m_ty="0.000000"/>
  </frame>
  <frame idx="5325" w="920" h="994" x="-362.322327" y="-429.366821">
   <element name="symbol0" layername="image" frame="0" z_index="1" m_a="-0.979223" m_b="-0.202787" m_c="0.202787" m_d="-0.979223" m_tx="0.000000" m_ty="0.000000"/>
  </frame>
  <frame idx="5350" w="921" h="1001" x="-358.589844" y="-431.776825">
   <element name="symbol0" layername="image" frame="0" z_index="1" m_a="-0.975917" m_b="-0.218143" m_c="0.218143" m_d="-0.975917" m_tx="0.000000" m_ty="0.000000"/>
  </frame>
  <frame idx="5375" w="922" h="1009" x="-354.820099" y="-434.127838">
   <element name="symbol0" layername="image" frame="0" z_index="1" m_a="-0.972370" m_b="-0.233445" m_c="0.233445" m_d="-0.972370" m_tx="0.000000" m_ty="0.000000"/>
  </frame>
  <frame idx="5400" w="922" h="1017" x="-351.013916" y="-436.419373">
   <element name="symbol0" layername="image" frame="0" z_index="1" m_a="-0.968583" m_b="-0.248690" m_c="0.248690" m_d="-0.968583" m_tx="0.000000" m_ty="0.000000"/>
  </frame>
  <frame idx="5425" w="923" h="1025" x="-347.172058" y="-438.650909">
   <element name="symbol0" layername="image" frame="0" z_index="1" m_a="-0.964557" m_b="-0.263873" m_c="0.263873" m_d="-0.964557" m_tx="0.000000" m_ty="0.000000"/>
  </frame>
  <frame idx="5450" w="924" h="1031" x="-343.295776" y="-440.821716">
   <element name="symbol0" layername="image" frame="0" z_index="1" m_a="-0.960294" m_b="-0.278991" m_c="0.278991" m_d="-0.960294" m_tx="0.000000" m_ty="0.000000"/>
  </frame>
  <frame idx="5475" w="924" h="1038" x="-339.385742" y="-442.931458">
   <element name="symbol0" layername="image" frame="0" z_index="1" m_a="-0.955793" m_b="-0.294040" m_c="0.294040" m_d="-0.955793" m_tx="0.000000" m_ty="0.000000"/>
  </frame>
  <frame idx="5500" w="924" h="1045" x="-335.443115" y="-444.979492">
   <element name="symbol0" layername="image" frame="0" z_index="1" m_a="-0.951056" m_b="-0.309017" m_c="0.309017" m_d="-0.951056" m_tx="0.000000" m_ty="0.000000"/>
  </frame>
  <frame idx="5525" w="924" h="1051" x="-331.468842" y="-446.965302">
   <element name="symbol0" layername="image" frame="0" z_index="1" m_a="-0.946085" m_b="-0.323917" m_c="0.323917" m_d="-0.946085" m_tx="0.000000" m_ty="0.000000"/>
  </frame>
  <frame idx="5550" w="924" h="1058" x="-327.463776" y="-448.888519">
   <element name="symbol0" layername="image" frame="0" z_index="1" m_a="-0.940881" m_b="-0.338738" m_c="0.338738" m_d="-0.940881" m_tx="0.000000" m_ty="0.000000"/>
  </frame>
  <frame idx="5575" w="923" h="1064" x="-323.429047" y="-450.748566">
   <element name="symbol0" layername="image" frame="0" z_index="1" m_a="-0.935444" m_b="-0.353475" m_c="0.353475" m_d="-0.935444" m_tx="0.000000" m_ty="0.000000"/>
  </frame>
  <frame idx="5600" w="923" h="1070" x="-319.365570" y="-452.545013">
   <element name="symbol0" layername="image" frame="0" z_index="1" m_a="-0.929776" m_b="-0.368125" m_c="0.368125" m_d="-0.929776" m_tx="0.000000" m_ty="0.000000"/>
  </frame>
  <frame idx="5625" w="922" h="1075" x="-315.274384" y="-454.277374">
   <element name="symbol0" layername="image" frame="0" z_index="1" m_a="-0.923880" m_b="-0.382683" m_c="0.382683" m_d="-0.923880" m_tx="0.000000" m_ty="0.000000"/>
  </frame>
  <frame idx="5650" w="922" h="1081" x="-311.156586" y="-455.945282">
   <element name="symbol0" layername="image" frame="0" z_index="1" m_a="-0.917755" m_b="-0.397148" m_c="0.397148" m_d="-0.917755" m_tx="0.000000" m_ty="0.000000"/>
  </frame>
  <frame idx="5675" w="921" h="1086" x="-307.012970" y="-457.548309">
   <element name="symbol0" layername="image" frame="0" z_index="1" m_a="-0.911403" m_b="-0.411514" m_c="0.411514" m_d="-0.911403" m_tx="0.000000" m_ty="0.000000"/>
  </frame>
  <frame idx="5700" w="920" h="1092" x="-302.844788" y="-459.086029">
   <element name="symbol0" layername="image" frame="0" z_index="1" m_a="-0.904827" m_b="-0.425779" m_c="0.425779" m_d="-0.904827" m_tx="0.000000" m_ty="0.000000"/>
  </frame>
  <frame idx="5725" w="918" h="1096" x="-298.652863" y="-460.558136">
   <element name="symbol0" layername="image" frame="0" z_index="1" m_a="-0.898028" m_b="-0.439939" m_c="0.439939" m_d="-0.898028" m_tx="0.000000" m_ty="0.000000"/>
  </frame>
  <frame idx="5750" w="917" h="1100" x="-294.438477" y="-461.964203">
   <element name="symbol0" layername="image" frame="0" z_index="1" m_a="-0.891007" m_b="-0.453990" m_c="0.453990" m_d="-0.891007" m_tx="0.000000" m_ty="0.000000"/>
  </frame>
  <frame idx="5775" w="915" h="1105" x="-290.202423" y="-463.303864">
   <element name="symbol0" layername="image" frame="0" z_index="1" m_a="-0.883766" m_b="-0.467930" m_c="0.467930" m_d="-0.883766" m_tx="0.000000" m_ty="0.000000"/>
  </frame>
  <frame idx="5800" w="913" h="1109" x="-285.945831" y="-464.576813">
   <element name="symbol0" layername="image" frame="0" z_index="1" m_a="-0.876307" m_b="-0.481754" m_c="0.481754" m_d="-0.876307" m_tx="0.000000" m_ty="0.000000"/>
  </frame>
  <frame idx="5825" w="911" h="1114" x="-281.669800" y="-465.782806">
   <element name="symbol0" layername="image" frame="0" z_index="1" m_a="-0.868632" m_b="-0.495459" m_c="0.495459" m_d="-0.868632" m_tx="0.000000" m_ty="0.000000"/>
  </frame>
  <frame idx="5850" w="909" h="1117" x="-277.375366" y="-466.921478">
   <element name="symbol0" layername="image" frame="0" z_index="1" m_a="-0.860742" m_b="-0.509041" m_c="0.509041" m_d="-0.860742" m_tx="0.000000" m_ty="0.000000"/>
  </frame>
  <frame idx="5875" w="907" h="1121" x="-273.063568" y="-467.992523">
   <element name="symbol0" layername="image" frame="0" z_index="1" m_a="-0.852640" m_b="-0.522498" m_c="0.522498" m_d="-0.852640" m_tx="0.000000" m_ty="0.000000"/>
  </frame>
  <frame idx="5900" w="904" h="1125" x="-268.735474" y="-468.995758">
   <element name="symbol0" layername="image" frame="0" z_index="1" m_a="-0.844328" m_b="-0.535827" m_c="0.535827" m_d="-0.844328" m_tx="0.000000" m_ty="0.000000"/>
  </frame>
  <frame idx="5925" w="901" h="1127" x="-264.392120" y="-469.930817">
   <element name="symbol0" layername="image" frame="0" z_index="1" m_a="-0.835807" m_b="-0.549023" m_c="0.549023" m_d="-0.835807" m_tx="0.000000" m_ty="0.000000"/>
  </frame>
  <frame idx="5950" w="898" h="1130" x="-260.034668" y="-470.797577">
   <element name="symbol0" layername="image" frame="0" z_index="1" m_a="-0.827081" m_b="-0.562083" m_c="0.562083" m_d="-0.827081" m_tx="0.000000" m_ty="0.000000"/>
  </frame>
  <frame idx="5975" w="895" h="1132" x="-255.664032" y="-471.595795">
   <element name="symbol0" layername="image" frame="0" z_index="1" m_a="-0.818150" m_b="-0.575005" m_c="0.575005" m_d="-0.818150" m_tx="0.000000" m_ty="0.000000"/>
  </frame>
  <frame idx="6000" w="893" h="1136" x="-251.281586" y="-472.325226">
   <element name="symbol0" layername="image" frame="0" z_index="1" m_a="-0.809017" m_b="-0.587785" m_c="0.587785" m_d="-0.809017" m_tx="0.000000" m_ty="0.000000"/>
  </frame>
  <frame idx="6025" w="888" h="1138" x="-246.888153" y="-472.985748">
   <element name="symbol0" layername="image" frame="0" z_index="1" m_a="-0.799685" m_b="-0.600420" m_c="0.600420" m_d="-0.799685" m_tx="0.000000" m_ty="0.000000"/>
  </frame>
  <frame idx="6050" w="885" h="1139" x="-242.484802" y="-473.577179">
   <element name="symbol0" layername="image" frame="0" z_index="1" m_a="-0.790155" m_b="-0.612907" m_c="0.612907" m_d="-0.790155" m_tx="0.000000" m_ty="0.000000"/>
  </frame>
  <frame idx="6075" w="882" h="1141" x="-238.072845" y="-474.099396">
   <element name="symbol0" layername="image" frame="0" z_index="1" m_a="-0.780431" m_b="-0.625242" m_c="0.625242" m_d="-0.780431" m_tx="0.000000" m_ty="0.000000"/>
  </frame>
  <frame idx="6100" w="877" h="1142" x="-233.653015" y="-474.552246">
   <element name="symbol0" layername="image" frame="0" z_index="1" m_a="-0.770513" m_b="-0.637424" m_c="0.637424" m_d="-0.770513" m_tx="0.000000" m_ty="0.000000"/>
  </frame>
  <frame idx="6125" w="874" h="1143" x="-229.226807" y="-474.935608">
   <element name="symbol0" layername="image" frame="0" z_index="1" m_a="-0.760406" m_b="-0.649448" m_c="0.649448" m_d="-0.760406" m_tx="0.000000" m_ty="0.000000"/>
  </frame>
  <frame idx="6150" w="869" h="1144" x="-224.795105" y="-475.249390">
   <element name="symbol0" layername="image" frame="0" z_index="1" m_a="-0.750111" m_b="-0.661312" m_c="0.661312" m_d="-0.750111" m_tx="0.000000" m_ty="0.000000"/>
  </frame>
  <frame idx="6175" w="865" h="1146" x="-220.358917" y="-475.493500">
   <element name="symbol0" layername="image" frame="0" z_index="1" m_a="-0.739631" m_b="-0.673012" m_c="0.673012" m_d="-0.739631" m_tx="0.000000" m_ty="0.000000"/>
  </frame>
  <frame idx="6200" w="861" h="1147" x="-215.919525" y="-475.667938">
   <element name="symbol0" layername="image" frame="0" z_index="1" m_a="-0.728969" m_b="-0.684547" m_c="0.684547" m_d="-0.728969" m_tx="0.000000" m_ty="0.000000"/>
  </frame>
  <frame idx="6225" w="856" h="1147" x="-211.477905" y="-475.772614">
   <element name="symbol0" layername="image" frame="0" z_index="1" m_a="-0.718126" m_b="-0.695913" m_c="0.695913" m_d="-0.718126" m_tx="0.000000" m_ty="0.000000"/>
  </frame>
  <frame idx="6250" w="851" h="1147" x="-207.035217" y="-475.807495">
   <element name="symbol0" layername="image" frame="0" z_index="1" m_a="-0.707107" m_b="-0.707107" m_c="0.707107" m_d="-0.707107" m_tx="0.000000" m_ty="0.000000"/>
  </frame>
  <frame idx="6275" w="846" h="1147" x="-202.592560" y="-475.772614">
   <element name="symbol0" layername="image" frame="0" z_index="1" m_a="-0.695913" m_b="-0.718126" m_c="0.718126" m_d="-0.695913" m_tx="0.000000" m_ty="0.000000"/>
  </frame>
  <frame idx="6300" w="841" h="1147" x="-198.150909" y="-475.667938">
   <element name="symbol0" layername="image" frame="0" z_index="1" m_a="-0.684547" m_b="-0.728969" m_c="0.728969" m_d="-0.684547" m_tx="0.000000" m_ty="0.000000"/>
  </frame>
  <frame idx="6325" w="835" h="1146" x="-193.711456" y="-475.493500">
   <element name="symbol0" layername="image" frame="0" z_index="1" m_a="-0.673012" m_b="-0.739631" m_c="0.739631" m_d="-0.673012" m_tx="0.000000" m_ty="0.000000"/>
  </frame>
  <frame idx="6350" w="830" h="1144" x="-189.275360" y="-475.249359">
   <element name="symbol0" layername="image" frame="0" z_index="1" m_a="-0.661312" m_b="-0.750111" m_c="0.750111" m_d="-0.661312" m_tx="0.000000" m_ty="0.000000"/>
  </frame>
  <frame idx="6375" w="824" h="1143" x="-184.843597" y="-474.935577">
   <element name="symbol0" layername="image" frame="0" z_index="1" m_a="-0.649448" m_b="-0.760406" m_c="0.760406" m_d="-0.649448" m_tx="0.000000" m_ty="0.000000"/>
  </frame>
  <frame idx="6400" w="819" h="1142" x="-180.417419" y="-474.552246">
   <element name="symbol0" layername="image" frame="0" z_index="1" m_a="-0.637424" m_b="-0.770513" m_c="0.770513" m_d="-0.637424" m_tx="0.000000" m_ty="0.000000"/>
  </frame>
  <frame idx="6425" w="813" h="1141" x="-175.997650" y="-474.099396">
   <element name="symbol0" layername="image" frame="0" z_index="1" m_a="-0.625243" m_b="-0.780430" m_c="0.780430" m_d="-0.625243" m_tx="0.000000" m_ty="0.000000"/>
  </frame>
  <frame idx="6450" w="807" h="1139" x="-171.585663" y="-473.577209">
   <element name="symbol0" layername="image" frame="0" z_index="1" m_a="-0.612907" m_b="-0.790155" m_c="0.790155" m_d="-0.612907" m_tx="0.000000" m_ty="0.000000"/>
  </frame>
  <frame idx="6475" w="801" h="1138" x="-167.182373" y="-472.985779">
   <element name="symbol0" layername="image" frame="0" z_index="1" m_a="-0.600420" m_b="-0.799685" m_c="0.799685" m_d="-0.600420" m_tx="0.000000" m_ty="0.000000"/>
  </frame>
  <frame idx="6500" w="795" h="1136" x="-162.788910" y="-472.325226">
   <element name="symbol0" layername="image" frame="0" z_index="1" m_a="-0.587785" m_b="-0.809017" m_c="0.809017" m_d="-0.587785" m_tx="0.000000" m_ty="0.000000"/>
  </frame>
  <frame idx="6525" w="788" h="1132" x="-158.406311" y="-471.595764">
   <element name="symbol0" layername="image" frame="0" z_index="1" m_a="-0.575005" m_b="-0.818150" m_c="0.818150" m_d="-0.575005" m_tx="0.000000" m_ty="0.000000"/>
  </frame>
  <frame idx="6550" w="781" h="1130" x="-154.035828" y="-470.797607">
   <element name="symbol0" layername="image" frame="0" z_index="1" m_a="-0.562084" m_b="-0.827080" m_c="0.827080" m_d="-0.562084" m_tx="0.000000" m_ty="0.000000"/>
  </frame>
  <frame idx="6575" w="775" h="1127" x="-149.678345" y="-469.930847">
   <element name="symbol0" layername="image" frame="0" z_index="1" m_a="-0.549023" m_b="-0.835807" m_c="0.835807" m_d="-0.549023" m_tx="0.000000" m_ty="0.000000"/>
  </frame>
  <frame idx="6600" w="768" h="1125" x="-145.334961" y="-468.995728">
   <element name="symbol0" layername="image" frame="0" z_index="1" m_a="-0.535827" m_b="-0.844328" m_c="0.844328" m_d="-0.535827" m_tx="0.000000" m_ty="0.000000"/>
  </frame>
  <frame idx="6625" w="762" h="1121" x="-141.006927" y="-467.992523">
   <element name="symbol0" layername="image" frame="0" z_index="1" m_a="-0.522499" m_b="-0.852640" m_c="0.852640" m_d="-0.522499" m_tx="0.000000" m_ty="0.000000"/>
  </frame>
  <frame idx="6650" w="754" h="1117" x="-136.695038" y="-466.921478">
   <element name="symbol0" layername="image" frame="0" z_index="1" m_a="-0.509041" m_b="-0.860742" m_c="0.860742" m_d="-0.509041" m_tx="0.000000" m_ty="0.000000"/>
  </frame>
  <frame idx="6675" w="747" h="1114" x="-132.400665" y="-465.782837">
   <element name="symbol0" layername="image" frame="0" z_index="1" m_a="-0.495459" m_b="-0.868631" m_c="0.868631" m_d="-0.495459" m_tx="0.000000" m_ty="0.000000"/>
  </frame>
  <frame idx="6700" w="740" h="1109" x="-128.124634" y="-464.576874">
   <element name="symbol0" layername="image" frame="0" z_index="1" m_a="-0.481754" m_b="-0.876307" m_c="0.876307" m_d="-0.481754" m_tx="0.000000" m_ty="0.000000"/>
  </frame>
  <frame idx="6725" w="732" h="1105" x="-123.868073" y="-463.303864">
   <element name="symbol0" layername="image" frame="0" z_index="1" m_a="-0.467930" m_b="-0.883766" m_c="0.883766" m_d="-0.467930" m_tx="0.000000" m_ty="0.000000"/>
  </frame>
  <frame idx="6750" w="724" h="1100" x="-119.632019" y="-461.964203">
   <element name="symbol0" layername="image" frame="0" z_index="1" m_a="-0.453991" m_b="-0.891006" m_c="0.891006" m_d="-0.453991" m_tx="0.000000" m_ty="0.000000"/>
  </frame>
  <frame idx="6775" w="717" h="1096" x="-115.417542" y="-460.558167">
   <element name="symbol0" layername="image" frame="0" z_index="1" m_a="-0.439939" m_b="-0.898028" m_c="0.898028" m_d="-0.439939" m_tx="0.000000" m_ty="0.000000"/>
  </frame>
  <frame idx="6800" w="709" h="1092" x="-111.225616" y="-459.086029">
   <element name="symbol0" layername="image" frame="0" z_index="1" m_a="-0.425779" m_b="-0.904827" m_c="0.904827" m_d="-0.425779" m_tx="0.000000" m_ty="0.000000"/>
  </frame>
  <frame idx="6825" w="701" h="1086" x="-107.057404" y="-457.548309">
   <element name="symbol0" layername="image" frame="0" z_index="1" m_a="-0.411514" m_b="-0.911403" m_c="0.911403" m_d="-0.411514" m_tx="0.000000" m_ty="0.000000"/>
  </frame>
  <frame idx="6850" w="692" h="1081" x="-102.913879" y="-455.945313">
   <element name="symbol0" layername="image" frame="0" z_index="1" m_a="-0.397148" m_b="-0.917755" m_c="0.917755" m_d="-0.397148" m_tx="0.000000" m_ty="0.000000"/>
  </frame>
  <frame idx="6875" w="685" h="1075" x="-98.795990" y="-454.277374">
   <element name="symbol0" layername="image" frame="0" z_index="1" m_a="-0.382683" m_b="-0.923880" m_c="0.923880" m_d="-0.382683" m_tx="0.000000" m_ty="0.000000"/>
  </frame>
  <frame idx="6900" w="676" h="1070" x="-94.704834" y="-452.545013">
   <element name="symbol0" layername="image" frame="0" z_index="1" m_a="-0.368125" m_b="-0.929776" m_c="0.929776" m_d="-0.368125" m_tx="0.000000" m_ty="0.000000"/>
  </frame>
  <frame idx="6925" w="668" h="1064" x="-90.641388" y="-450.748566">
   <element name="symbol0" layername="image" frame="0" z_index="1" m_a="-0.353475" m_b="-0.935444" m_c="0.935444" m_d="-0.353475" m_tx="0.000000" m_ty="0.000000"/>
  </frame>
  <frame idx="6950" w="659" h="1058" x="-86.606689" y="-448.888550">
   <element name="symbol0" layername="image" frame="0" z_index="1" m_a="-0.338738" m_b="-0.940881" m_c="0.940881" m_d="-0.338738" m_tx="0.000000" m_ty="0.000000"/>
  </frame>
  <frame idx="6975" w="651" h="1051" x="-82.601624" y="-446.965363">
   <element name="symbol0" layername="image" frame="0" z_index="1" m_a="-0.323917" m_b="-0.946085" m_c="0.946085" m_d="-0.323917" m_tx="0.000000" m_ty="0.000000"/>
  </frame>
  <frame idx="7000" w="642" h="1045" x="-78.627319" y="-444.979492">
   <element name="symbol0" layername="image" frame="0" z_index="1" m_a="-0.309017" m_b="-0.951056" m_c="0.951056" m_d="-0.309017" m_tx="0.000000" m_ty="0.000000"/>
  </frame>
  <frame idx="7025" w="633" h="1038" x="-74.684662" y="-442.931427">
   <element name="symbol0" layername="image" frame="0" z_index="1" m_a="-0.294040" m_b="-0.955793" m_c="0.955793" m_d="-0.294040" m_tx="0.000000" m_ty="0.000000"/>
  </frame>
  <frame idx="7050" w="624" h="1031" x="-70.774689" y="-440.821747">
   <element name="symbol0" layername="image" frame="0" z_index="1" m_a="-0.278991" m_b="-0.960294" m_c="0.960294" m_d="-0.278991" m_tx="0.000000" m_ty="0.000000"/>
  </frame>
  <frame idx="7075" w="615" h="1025" x="-66.898315" y="-438.650909">
   <element name="symbol0" layername="image" frame="0" z_index="1" m_a="-0.263873" m_b="-0.964557" m_c="0.964557" m_d="-0.263873" m_tx="0.000000" m_ty="0.000000"/>
  </frame>
  <frame idx="7100" w="605" h="1017" x="-63.056610" y="-436.419403">
   <element name="symbol0" layername="image" frame="0" z_index="1" m_a="-0.248690" m_b="-0.968583" m_c="0.968583" m_d="-0.248690" m_tx="0.000000" m_ty="0.000000"/>
  </frame>
  <frame idx="7125" w="597" h="1009" x="-59.250305" y="-434.127869">
   <element name="symbol0" layername="image" frame="0" z_index="1" m_a="-0.233445" m_b="-0.972370" m_c="0.972370" m_d="-0.233445" m_tx="0.000000" m_ty="0.000000"/>
  </frame>
  <frame idx="7150" w="588" h="1001" x="-55.480530" y="-431.776794">
   <element name="symbol0" layername="image" frame="0" z_index="1" m_a="-0.218143" m_b="-0.975917" m_c="0.975917" m_d="-0.218143" m_tx="0.000000" m_ty="0.000000"/>
  </frame>
  <frame idx="7175" w="578" h="994" x="-51.748077" y="-429.366821">
   <element name="symbol0" layername="image" frame="0" z_index="1" m_a="-0.202787" m_b="-0.979223" m_c="0.979223" m_d="-0.202787" m_tx="0.000000" m_ty="0.000000"/>
  </frame>
  <frame idx="7200" w="568" h="985" x="-48.054016" y="-426.898499">
   <element name="symbol0" layername="image" frame="0" z_index="1" m_a="-0.187381" m_b="-0.982287" m_c="0.982287" m_d="-0.187381" m_tx="0.000000" m_ty="0.000000"/>
  </frame>
  <frame idx="7225" w="559" h="977" x="-44.399170" y="-424.372498">
   <element name="symbol0" layername="image" frame="0" z_index="1" m_a="-0.171929" m_b="-0.985109" m_c="0.985109" m_d="-0.171929" m_tx="0.000000" m_ty="0.000000"/>
  </frame>
  <frame idx="7250" w="549" h="968" x="-40.784424" y="-421.789368">
   <element name="symbol0" layername="image" frame="0" z_index="1" m_a="-0.156434" m_b="-0.987688" m_c="0.987688" m_d="-0.156434" m_tx="0.000000" m_ty="0.000000"/>
  </frame>
  <frame idx="7275" w="539" h="960" x="-37.210724" y="-419.149750">
   <element name="symbol0" layername="image" frame="0" z_index="1" m_a="-0.140901" m_b="-0.990024" m_c="0.990024" m_d="-0.140901" m_tx="0.000000" m_ty="0.000000"/>
  </frame>
  <frame idx="7300" w="530" h="951" x="-33.678894" y="-416.454376">
   <element name="symbol0" layername="image" frame="0" z_index="1" m_a="-0.125333" m_b="-0.992115" m_c="0.992115" m_d="-0.125333" m_tx="0.000000" m_ty="0.000000"/>
  </frame>
  <frame idx="7325" w="520" h="942" x="-30.189911" y="-413.703888">
   <element name="symbol0" layername="image" frame="0" z_index="1" m_a="-0.109735" m_b="-0.993961" m_c="0.993961" m_d="-0.109735" m_tx="0.000000" m_ty="0.000000"/>
  </frame>
  <frame idx="7350" w="510" h="932" x="-26.744476" y="-410.898865">
   <element name="symbol0" layername="image" frame="0" z_index="1" m_a="-0.094108" m_b="-0.995562" m_c="0.995562" m_d="-0.094108" m_tx="0.000000" m_ty="0.000000"/>
  </frame>
  <frame idx="7375" w="500" h="923" x="-23.343567" y="-408.040100">
   <element name="symbol0" layername="image" frame="0" z_index="1" m_a="-0.078459" m_b="-0.996917" m_c="0.996917" m_d="-0.078459" m_tx="0.000000" m_ty="0.000000"/>
  </frame>
  <frame idx="7400" w="490" h="913" x="-19.987946" y="-405.128235">
   <element name="symbol0" layername="image" frame="0" z_index="1" m_a="-0.062790" m_b="-0.998027" m_c="0.998027" m_d="-0.062790" m_tx="0.000000" m_ty="0.000000"/>
  </frame>
  <frame idx="7425" w="480" h="904" x="-16.678528" y="-402.164063">
   <element name="symbol0" layername="image" frame="0" z_index="1" m_a="-0.047107" m_b="-0.998890" m_c="0.998890" m_d="-0.047107" m_tx="0.000000" m_ty="0.000000"/>
  </frame>
  <frame idx="7450" w="469" h="894" x="-13.416046" y="-399.148224">
   <element name="symbol0" layername="image" frame="0" z_index="1" m_a="-0.031411" m_b="-0.999507" m_c="0.999507" m_d="-0.031411" m_tx="0.000000" m_ty="0.000000"/>
  </frame>
  <frame idx="7475" w="459" h="884" x="-10.201324" y="-396.081573">
   <element name="symbol0" layername="image" frame="0" z_index="1" m_a="-0.015707" m_b="-0.999877" m_c="0.999877" m_d="-0.015707" m_tx="0.000000" m_ty="0.000000"/>
  </frame>
  <frame idx="7500" w="449" h="873" x="-7.035217" y="-392.964783">
   <element name="symbol0" layername="image" frame="0" z_index="1" m_a="-0.000000" m_b="-1.000000" m_c="1.000000" m_d="-0.000000" m_tx="0.000000" m_ty="0.000000"/>
  </frame>
  <frame idx="7525" w="453" h="877" x="-3.918396" y="-389.798645">
   <element name="symbol0" layername="image" frame="0" z_index="1" m_a="0.015707" m_b="-0.999877" m_c="0.999877" m_d="0.015707" m_tx="0.000000" m_ty="0.000000"/>
  </frame>
  <frame idx="7550" w="456" h="879" x="-0.851761" y="-386.584015">
   <element name="symbol0" layername="image" frame="0" z_index="1" m_a="0.031411" m_b="-0.999507" m_c="0.999507" m_d="0.031411" m_tx="0.000000" m_ty="0.000000"/>
  </frame>
  <frame idx="7575" w="459" h="883" x="2.164047" y="-383.321472">
   <element name="symbol0" layername="image" frame="0" z_index="1" m_a="0.047106" m_b="-0.998890" m_c="0.998890" m_d="0.047106" m_tx="0.000000" m_ty="0.000000"/>
  </frame>
  <frame idx="7600" w="462" h="886" x="5.128220" y="-380.012054">
   <element name="symbol0" layername="image" frame="0" z_index="1" m_a="0.062790" m_b="-0.998027" m_c="0.998027" m_d="0.062790" m_tx="0.000000" m_ty="0.000000"/>
  </frame>
  <frame idx="7625" w="466" h="888" x="8.040054" y="-376.656494">
   <element name="symbol0" layername="image" frame="0" z_index="1" m_a="0.078459" m_b="-0.996917" m_c="0.996917" m_d="0.078459" m_tx="0.000000" m_ty="0.000000"/>
  </frame>
  <frame idx="7650" w="468" h="891" x="10.898819" y="-373.255554">
   <element name="symbol0" layername="image" frame="0" z_index="1" m_a="0.094108" m_b="-0.995562" m_c="0.995562" m_d="0.094108" m_tx="0.000000" m_ty="0.000000"/>
  </frame>
  <frame idx="7675" w="471" h="894" x="13.703873" y="-369.810120">
   <element name="symbol0" layername="image" frame="0" z_index="1" m_a="0.109734" m_b="-0.993961" m_c="0.993961" m_d="0.109734" m_tx="0.000000" m_ty="0.000000"/>
  </frame>
  <frame idx="7700" w="475" h="896" x="16.454391" y="-366.321106">
   <element name="symbol0" layername="image" frame="0" z_index="1" m_a="0.125333" m_b="-0.992115" m_c="0.992115" m_d="0.125333" m_tx="0.000000" m_ty="0.000000"/>
  </frame>
  <frame idx="7725" w="478" h="898" x="19.149796" y="-362.789246">
   <element name="symbol0" layername="image" frame="0" z_index="1" m_a="0.140901" m_b="-0.990024" m_c="0.990024" m_d="0.140901" m_tx="0.000000" m_ty="0.000000"/>
  </frame>
  <frame idx="7750" w="480" h="899" x="21.789368" y="-359.215576">
   <element name="symbol0" layername="image" frame="0" z_index="1" m_a="0.156434" m_b="-0.987688" m_c="0.987688" m_d="0.156434" m_tx="0.000000" m_ty="0.000000"/>
  </frame>
  <frame idx="7775" w="483" h="901" x="24.372482" y="-355.600830">
   <element name="symbol0" layername="image" frame="0" z_index="1" m_a="0.171929" m_b="-0.985109" m_c="0.985109" m_d="0.171929" m_tx="0.000000" m_ty="0.000000"/>
  </frame>
  <frame idx="7800" w="486" h="902" x="26.898514" y="-351.945984">
   <element name="symbol0" layername="image" frame="0" z_index="1" m_a="0.187381" m_b="-0.982287" m_c="0.982287" m_d="0.187381" m_tx="0.000000" m_ty="0.000000"/>
  </frame>
  <frame idx="7825" w="489" h="905" x="29.366806" y="-348.251923">
   <element name="symbol0" layername="image" frame="0" z_index="1" m_a="0.202787" m_b="-0.979223" m_c="0.979223" m_d="0.202787" m_tx="0.000000" m_ty="0.000000"/>
  </frame>
  <frame idx="7850" w="491" h="906" x="31.776810" y="-344.519531">
   <element name="symbol0" layername="image" frame="0" z_index="1" m_a="0.218143" m_b="-0.975917" m_c="0.975917" m_d="0.218143" m_tx="0.000000" m_ty="0.000000"/>
  </frame>
  <frame idx="7875" w="494" h="907" x="34.127853" y="-340.749725">
   <element name="symbol0" layername="image" frame="0" z_index="1" m_a="0.233445" m_b="-0.972370" m_c="0.972370" m_d="0.233445" m_tx="0.000000" m_ty="0.000000"/>
  </frame>
  <frame idx="7900" w="497" h="907" x="36.419388" y="-336.943481">
   <element name="symbol0" layername="image" frame="0" z_index="1" m_a="0.248690" m_b="-0.968583" m_c="0.968583" m_d="0.248690" m_tx="0.000000" m_ty="0.000000"/>
  </frame>
  <frame idx="7925" w="499" h="908" x="38.650894" y="-333.101685">
   <element name="symbol0" layername="image" frame="0" z_index="1" m_a="0.263873" m_b="-0.964557" m_c="0.964557" m_d="0.263873" m_tx="0.000000" m_ty="0.000000"/>
  </frame>
  <frame idx="7950" w="501" h="908" x="40.821762" y="-329.225342">
   <element name="symbol0" layername="image" frame="0" z_index="1" m_a="0.278991" m_b="-0.960294" m_c="0.960294" m_d="0.278991" m_tx="0.000000" m_ty="0.000000"/>
  </frame>
  <frame idx="7975" w="504" h="909" x="42.931473" y="-325.315308">
   <element name="symbol0" layername="image" frame="0" z_index="1" m_a="0.294040" m_b="-0.955793" m_c="0.955793" m_d="0.294040" m_tx="0.000000" m_ty="0.000000"/>
  </frame>
  <frame idx="8000" w="506" h="909" x="44.979507" y="-321.372681">
   <element name="symbol0" layername="image" frame="0" z_index="1" m_a="0.309017" m_b="-0.951056" m_c="0.951056" m_d="0.309017" m_tx="0.000000" m_ty="0.000000"/>
  </frame>
  <frame idx="8025" w="509" h="909" x="46.965347" y="-317.398376">
   <element name="symbol0" layername="image" frame="0" z_index="1" m_a="0.323917" m_b="-0.946085" m_c="0.946085" m_d="0.323917" m_tx="0.000000" m_ty="0.000000"/>
  </frame>
  <frame idx="8050" w="510" h="909" x="48.888565" y="-313.393341">
   <element name="symbol0" layername="image" frame="0" z_index="1" m_a="0.338738" m_b="-0.940881" m_c="0.940881" m_d="0.338738" m_tx="0.000000" m_ty="0.000000"/>
  </frame>
  <frame idx="8075" w="512" h="908" x="50.748611" y="-309.358612">
   <element name="symbol0" layername="image" frame="0" z_index="1" m_a="0.353475" m_b="-0.935444" m_c="0.935444" m_d="0.353475" m_tx="0.000000" m_ty="0.000000"/>
  </frame>
  <frame idx="8100" w="514" h="908" x="52.544998" y="-305.295166">
   <element name="symbol0" layername="image" frame="0" z_index="1" m_a="0.368125" m_b="-0.929776" m_c="0.929776" m_d="0.368125" m_tx="0.000000" m_ty="0.000000"/>
  </frame>
  <frame idx="8125" w="516" h="907" x="54.277390" y="-301.204010">
   <element name="symbol0" layername="image" frame="0" z_index="1" m_a="0.382683" m_b="-0.923880" m_c="0.923880" m_d="0.382683" m_tx="0.000000" m_ty="0.000000"/>
  </frame>
  <frame idx="8150" w="519" h="907" x="55.945328" y="-297.086151">
   <element name="symbol0" layername="image" frame="0" z_index="1" m_a="0.397148" m_b="-0.917755" m_c="0.917755" m_d="0.397148" m_tx="0.000000" m_ty="0.000000"/>
  </frame>
  <frame idx="8175" w="520" h="906" x="57.548294" y="-292.942627">
   <element name="symbol0" layername="image" frame="0" z_index="1" m_a="0.411514" m_b="-0.911403" m_c="0.911403" m_d="0.411514" m_tx="0.000000" m_ty="0.000000"/>
  </frame>
  <frame idx="8200" w="522" h="905" x="59.086075" y="-288.774384">
   <element name="symbol0" layername="image" frame="0" z_index="1" m_a="0.425779" m_b="-0.904827" m_c="0.904827" m_d="0.425779" m_tx="0.000000" m_ty="0.000000"/>
  </frame>
  <frame idx="8225" w="523" h="902" x="60.558121" y="-284.582520">
   <element name="symbol0" layername="image" frame="0" z_index="1" m_a="0.439939" m_b="-0.898028" m_c="0.898028" m_d="0.439939" m_tx="0.000000" m_ty="0.000000"/>
  </frame>
  <frame idx="8250" w="525" h="901" x="61.964188" y="-280.368042">
   <element name="symbol0" layername="image" frame="0" z_index="1" m_a="0.453990" m_b="-0.891007" m_c="0.891007" m_d="0.453990" m_tx="0.000000" m_ty="0.000000"/>
  </frame>
  <frame idx="8275" w="526" h="899" x="63.303909" y="-276.131989">
   <element name="symbol0" layername="image" frame="0" z_index="1" m_a="0.467930" m_b="-0.883766" m_c="0.883766" m_d="0.467930" m_tx="0.000000" m_ty="0.000000"/>
  </frame>
  <frame idx="8300" w="527" h="898" x="64.576889" y="-271.875397">
   <element name="symbol0" layername="image" frame="0" z_index="1" m_a="0.481754" m_b="-0.876307" m_c="0.876307" m_d="0.481754" m_tx="0.000000" m_ty="0.000000"/>
  </frame>
  <frame idx="8325" w="528" h="896" x="65.782852" y="-267.599365">
   <element name="symbol0" layername="image" frame="0" z_index="1" m_a="0.495459" m_b="-0.868631" m_c="0.868631" m_d="0.495459" m_tx="0.000000" m_ty="0.000000"/>
  </frame>
  <frame idx="8350" w="530" h="894" x="66.921494" y="-263.304901">
   <element name="symbol0" layername="image" frame="0" z_index="1" m_a="0.509041" m_b="-0.860742" m_c="0.860742" m_d="0.509041" m_tx="0.000000" m_ty="0.000000"/>
  </frame>
  <frame idx="8375" w="532" h="891" x="67.992538" y="-258.993134">
   <element name="symbol0" layername="image" frame="0" z_index="1" m_a="0.522498" m_b="-0.852640" m_c="0.852640" m_d="0.522498" m_tx="0.000000" m_ty="0.000000"/>
  </frame>
  <frame idx="8400" w="533" h="888" x="68.995743" y="-254.664978">
   <element name="symbol0" layername="image" frame="0" z_index="1" m_a="0.535827" m_b="-0.844328" m_c="0.844328" m_d="0.535827" m_tx="0.000000" m_ty="0.000000"/>
  </frame>
  <frame idx="8425" w="534" h="886" x="69.930862" y="-250.321716">
   <element name="symbol0" layername="image" frame="0" z_index="1" m_a="0.549023" m_b="-0.835807" m_c="0.835807" m_d="0.549023" m_tx="0.000000" m_ty="0.000000"/>
  </frame>
  <frame idx="8450" w="534" h="883" x="70.797592" y="-245.964264">
   <element name="symbol0" layername="image" frame="0" z_index="1" m_a="0.562083" m_b="-0.827081" m_c="0.827081" m_d="0.562083" m_tx="0.000000" m_ty="0.000000"/>
  </frame>
  <frame idx="8475" w="535" h="879" x="71.595779" y="-241.593689">
   <element name="symbol0" layername="image" frame="0" z_index="1" m_a="0.575005" m_b="-0.818150" m_c="0.818150" m_d="0.575005" m_tx="0.000000" m_ty="0.000000"/>
  </frame>
  <frame idx="8500" w="536" h="876" x="72.325272" y="-237.211151">
   <element name="symbol0" layername="image" frame="0" z_index="1" m_a="0.587785" m_b="-0.809017" m_c="0.809017" m_d="0.587785" m_tx="0.000000" m_ty="0.000000"/>
  </frame>
  <frame idx="8525" w="537" h="873" x="72.985764" y="-232.817688">
   <element name="symbol0" layername="image" frame="0" z_index="1" m_a="0.600420" m_b="-0.799685" m_c="0.799685" m_d="0.600420" m_tx="0.000000" m_ty="0.000000"/>
  </frame>
  <frame idx="8550" w="537" h="869" x="73.577194" y="-228.414398">
   <element name="symbol0" layername="image" frame="0" z_index="1" m_a="0.612907" m_b="-0.790155" m_c="0.790155" m_d="0.612907" m_tx="0.000000" m_ty="0.000000"/>
  </frame>
  <frame idx="8575" w="538" h="866" x="74.099411" y="-224.002380">
   <element name="symbol0" layername="image" frame="0" z_index="1" m_a="0.625243" m_b="-0.780430" m_c="0.780430" m_d="0.625243" m_tx="0.000000" m_ty="0.000000"/>
  </frame>
  <frame idx="8600" w="538" h="862" x="74.552231" y="-219.582611">
   <element name="symbol0" layername="image" frame="0" z_index="1" m_a="0.637424" m_b="-0.770513" m_c="0.770513" m_d="0.637424" m_tx="0.000000" m_ty="0.000000"/>
  </frame>
  <frame idx="8625" w="539" h="858" x="74.935593" y="-215.156403">
   <element name="symbol0" layername="image" frame="0" z_index="1" m_a="0.649448" m_b="-0.760406" m_c="0.760406" m_d="0.649448" m_tx="0.000000" m_ty="0.000000"/>
  </frame>
  <frame idx="8650" w="539" h="854" x="75.249405" y="-210.724609">
   <element name="symbol0" layername="image" frame="0" z_index="1" m_a="0.661312" m_b="-0.750111" m_c="0.750111" m_d="0.661312" m_tx="0.000000" m_ty="0.000000"/>
  </frame>
  <frame idx="8675" w="539" h="850" x="75.493515" y="-206.288483">
   <element name="symbol0" layername="image" frame="0" z_index="1" m_a="0.673013" m_b="-0.739631" m_c="0.739631" m_d="0.673013" m_tx="0.000000" m_ty="0.000000"/>
  </frame>
  <frame idx="8700" w="539" h="845" x="75.667953" y="-201.849121">
   <element name="symbol0" layername="image" frame="0" z_index="1" m_a="0.684547" m_b="-0.728969" m_c="0.728969" m_d="0.684547" m_tx="0.000000" m_ty="0.000000"/>
  </frame>
  <frame idx="8725" w="539" h="841" x="75.772629" y="-197.407471">
   <element name="symbol0" layername="image" frame="0" z_index="1" m_a="0.695913" m_b="-0.718126" m_c="0.718126" m_d="0.695913" m_tx="0.000000" m_ty="0.000000"/>
  </frame>
  <frame idx="8750" w="539" h="835" x="75.807510" y="-192.964783">
   <element name="symbol0" layername="image" frame="0" z_index="1" m_a="0.707107" m_b="-0.707107" m_c="0.707107" m_d="0.707107" m_tx="0.000000" m_ty="0.000000"/>
  </frame>
  <frame idx="8775" w="539" h="831" x="75.772629" y="-188.522156">
   <element name="symbol0" layername="image" frame="0" z_index="1" m_a="0.718126" m_b="-0.695913" m_c="0.695913" m_d="0.718126" m_tx="0.000000" m_ty="0.000000"/>
  </frame>
  <frame idx="8800" w="539" h="825" x="75.667953" y="-184.080475">
   <element name="symbol0" layername="image" frame="0" z_index="1" m_a="0.728969" m_b="-0.684547" m_c="0.684547" m_d="0.728969" m_tx="0.000000" m_ty="0.000000"/>
  </frame>
  <frame idx="8825" w="539" h="820" x="75.493515" y="-179.641144">
   <element name="symbol0" layername="image" frame="0" z_index="1" m_a="0.739631" m_b="-0.673013" m_c="0.673013" m_d="0.739631" m_tx="0.000000" m_ty="0.000000"/>
  </frame>
  <frame idx="8850" w="539" h="814" x="75.249374" y="-175.204987">
   <element name="symbol0" layername="image" frame="0" z_index="1" m_a="0.750111" m_b="-0.661312" m_c="0.661312" m_d="0.750111" m_tx="0.000000" m_ty="0.000000"/>
  </frame>
  <frame idx="8875" w="539" h="809" x="74.935593" y="-170.773224">
   <element name="symbol0" layername="image" frame="0" z_index="1" m_a="0.760406" m_b="-0.649448" m_c="0.649448" m_d="0.760406" m_tx="0.000000" m_ty="0.000000"/>
  </frame>
  <frame idx="8900" w="538" h="803" x="74.552231" y="-166.346985">
   <element name="symbol0" layername="image" frame="0" z_index="1" m_a="0.770513" m_b="-0.637424" m_c="0.637424" m_d="0.770513" m_tx="0.000000" m_ty="0.000000"/>
  </frame>
  <frame idx="8925" w="538" h="798" x="74.099411" y="-161.927246">
   <element name="symbol0" layername="image" frame="0" z_index="1" m_a="0.780430" m_b="-0.625243" m_c="0.625243" m_d="0.780430" m_tx="0.000000" m_ty="0.000000"/>
  </frame>
  <frame idx="8950" w="537" h="791" x="73.577225" y="-157.515198">
   <element name="symbol0" layername="image" frame="0" z_index="1" m_a="0.790155" m_b="-0.612907" m_c="0.612907" m_d="0.790155" m_tx="0.000000" m_ty="0.000000"/>
  </frame>
  <frame idx="8975" w="537" h="786" x="72.985764" y="-153.111908">
   <element name="symbol0" layername="image" frame="0" z_index="1" m_a="0.799685" m_b="-0.600420" m_c="0.600420" m_d="0.799685" m_tx="0.000000" m_ty="0.000000"/>
  </frame>
  <frame idx="9000" w="536" h="779" x="72.325272" y="-148.718445">
   <element name="symbol0" layername="image" frame="0" z_index="1" m_a="0.809017" m_b="-0.587785" m_c="0.587785" m_d="0.809017" m_tx="0.000000" m_ty="0.000000"/>
  </frame>
  <frame idx="9025" w="535" h="773" x="71.595810" y="-144.335938">
   <element name="symbol0" layername="image" frame="0" z_index="1" m_a="0.818150" m_b="-0.575005" m_c="0.575005" m_d="0.818150" m_tx="0.000000" m_ty="0.000000"/>
  </frame>
  <frame idx="9050" w="534" h="766" x="70.797592" y="-139.965332">
   <element name="symbol0" layername="image" frame="0" z_index="1" m_a="0.827081" m_b="-0.562083" m_c="0.562083" m_d="0.827081" m_tx="0.000000" m_ty="0.000000"/>
  </frame>
  <frame idx="9075" w="534" h="759" x="69.930862" y="-135.607910">
   <element name="symbol0" layername="image" frame="0" z_index="1" m_a="0.835807" m_b="-0.549023" m_c="0.549023" m_d="0.835807" m_tx="0.000000" m_ty="0.000000"/>
  </frame>
  <frame idx="9100" w="533" h="753" x="68.995743" y="-131.264526">
   <element name="symbol0" layername="image" frame="0" z_index="1" m_a="0.844328" m_b="-0.535827" m_c="0.535827" m_d="0.844328" m_tx="0.000000" m_ty="0.000000"/>
  </frame>
  <frame idx="9125" w="532" h="745" x="67.992569" y="-126.936493">
   <element name="symbol0" layername="image" frame="0" z_index="1" m_a="0.852640" m_b="-0.522499" m_c="0.522499" m_d="0.852640" m_tx="0.000000" m_ty="0.000000"/>
  </frame>
  <frame idx="9150" w="530" h="739" x="66.921494" y="-122.624725">
   <element name="symbol0" layername="image" frame="0" z_index="1" m_a="0.860742" m_b="-0.509042" m_c="0.509042" m_d="0.860742" m_tx="0.000000" m_ty="0.000000"/>
  </frame>
  <frame idx="9175" w="528" h="731" x="65.782822" y="-118.330231">
   <element name="symbol0" layername="image" frame="0" z_index="1" m_a="0.868632" m_b="-0.495459" m_c="0.495459" m_d="0.868632" m_tx="0.000000" m_ty="0.000000"/>
  </frame>
  <frame idx="9200" w="527" h="724" x="64.576889" y="-114.054199">
   <element name="symbol0" layername="image" frame="0" z_index="1" m_a="0.876307" m_b="-0.481754" m_c="0.481754" m_d="0.876307" m_tx="0.000000" m_ty="0.000000"/>
  </frame>
  <frame idx="9225" w="526" h="717" x="63.303879" y="-109.797638">
   <element name="symbol0" layername="image" frame="0" z_index="1" m_a="0.883766" m_b="-0.467930" m_c="0.467930" m_d="0.883766" m_tx="0.000000" m_ty="0.000000"/>
  </frame>
  <frame idx="9250" w="525" h="709" x="61.964218" y="-105.561584">
   <element name="symbol0" layername="image" frame="0" z_index="1" m_a="0.891007" m_b="-0.453991" m_c="0.453991" m_d="0.891007" m_tx="0.000000" m_ty="0.000000"/>
  </frame>
  <frame idx="9275" w="523" h="701" x="60.558151" y="-101.347076">
   <element name="symbol0" layername="image" frame="0" z_index="1" m_a="0.898028" m_b="-0.439939" m_c="0.439939" m_d="0.898028" m_tx="0.000000" m_ty="0.000000"/>
  </frame>
  <frame idx="9300" w="522" h="693" x="59.086075" y="-97.155243">
   <element name="symbol0" layername="image" frame="0" z_index="1" m_a="0.904827" m_b="-0.425779" m_c="0.425779" m_d="0.904827" m_tx="0.000000" m_ty="0.000000"/>
  </frame>
  <frame idx="9325" w="520" h="686" x="57.548325" y="-92.987030">
   <element name="symbol0" layername="image" frame="0" z_index="1" m_a="0.911403" m_b="-0.411514" m_c="0.411514" m_d="0.911403" m_tx="0.000000" m_ty="0.000000"/>
  </frame>
  <frame idx="9350" w="519" h="677" x="55.945297" y="-88.843414">
   <element name="symbol0" layername="image" frame="0" z_index="1" m_a="0.917755" m_b="-0.397148" m_c="0.397148" m_d="0.917755" m_tx="0.000000" m_ty="0.000000"/>
  </frame>
  <frame idx="9375" w="516" h="669" x="54.277390" y="-84.725586">
   <element name="symbol0" layername="image" frame="0" z_index="1" m_a="0.923880" m_b="-0.382683" m_c="0.382683" m_d="0.923880" m_tx="0.000000" m_ty="0.000000"/>
  </frame>
  <frame idx="9400" w="514" h="660" x="52.545029" y="-80.634430">
   <element name="symbol0" layername="image" frame="0" z_index="1" m_a="0.929776" m_b="-0.368125" m_c="0.368125" m_d="0.929776" m_tx="0.000000" m_ty="0.000000"/>
  </frame>
  <frame idx="9425" w="512" h="653" x="50.748581" y="-76.570953">
   <element name="symbol0" layername="image" frame="0" z_index="1" m_a="0.935444" m_b="-0.353475" m_c="0.353475" m_d="0.935444" m_tx="0.000000" m_ty="0.000000"/>
  </frame>
  <frame idx="9450" w="510" h="644" x="48.888535" y="-72.536224">
   <element name="symbol0" layername="image" frame="0" z_index="1" m_a="0.940881" m_b="-0.338738" m_c="0.338738" m_d="0.940881" m_tx="0.000000" m_ty="0.000000"/>
  </frame>
  <frame idx="9475" w="509" h="635" x="46.965378" y="-68.531250">
   <element name="symbol0" layername="image" frame="0" z_index="1" m_a="0.946085" m_b="-0.323918" m_c="0.323918" m_d="0.946085" m_tx="0.000000" m_ty="0.000000"/>
  </frame>
  <frame idx="9500" w="506" h="626" x="44.979507" y="-64.556885">
   <element name="symbol0" layername="image" frame="0" z_index="1" m_a="0.951057" m_b="-0.309017" m_c="0.309017" m_d="0.951057" m_tx="0.000000" m_ty="0.000000"/>
  </frame>
  <frame idx="9525" w="504" h="618" x="42.931503" y="-60.614288">
   <element name="symbol0" layername="image" frame="0" z_index="1" m_a="0.955793" m_b="-0.294040" m_c="0.294040" m_d="0.955793" m_tx="0.000000" m_ty="0.000000"/>
  </frame>
  <frame idx="9550" w="501" h="609" x="40.821762" y="-56.704254">
   <element name="symbol0" layername="image" frame="0" z_index="1" m_a="0.960294" m_b="-0.278991" m_c="0.278991" m_d="0.960294" m_tx="0.000000" m_ty="0.000000"/>
  </frame>
  <frame idx="9575" w="499" h="600" x="38.650925" y="-52.827942">
   <element name="symbol0" layername="image" frame="0" z_index="1" m_a="0.964557" m_b="-0.263873" m_c="0.263873" m_d="0.964557" m_tx="0.000000" m_ty="0.000000"/>
  </frame>
  <frame idx="9600" w="497" h="590" x="36.419388" y="-48.986115">
   <element name="symbol0" layername="image" frame="0" z_index="1" m_a="0.968583" m_b="-0.248690" m_c="0.248690" m_d="0.968583" m_tx="0.000000" m_ty="0.000000"/>
  </frame>
  <frame idx="9625" w="494" h="581" x="34.127853" y="-45.179901">
   <element name="symbol0" layername="image" frame="0" z_index="1" m_a="0.972370" m_b="-0.233445" m_c="0.233445" m_d="0.972370" m_tx="0.000000" m_ty="0.000000"/>
  </frame>
  <frame idx="9650" w="491" h="572" x="31.776810" y="-41.410126">
   <element name="symbol0" layername="image" frame="0" z_index="1" m_a="0.975917" m_b="-0.218143" m_c="0.218143" m_d="0.975917" m_tx="0.000000" m_ty="0.000000"/>
  </frame>
  <frame idx="9675" w="489" h="563" x="29.366837" y="-37.677673">
   <element name="symbol0" layername="image" frame="0" z_index="1" m_a="0.979223" m_b="-0.202787" m_c="0.202787" m_d="0.979223" m_tx="0.000000" m_ty="0.000000"/>
  </frame>
  <frame idx="9700" w="486" h="553" x="26.898514" y="-33.983643">
   <element name="symbol0" layername="image" frame="0" z_index="1" m_a="0.982287" m_b="-0.187381" m_c="0.187381" m_d="0.982287" m_tx="0.000000" m_ty="0.000000"/>
  </frame>
  <frame idx="9725" w="483" h="544" x="24.372452" y="-30.328735">
   <element name="symbol0" layername="image" frame="0" z_index="1" m_a="0.985109" m_b="-0.171929" m_c="0.171929" m_d="0.985109" m_tx="0.000000" m_ty="0.000000"/>
  </frame>
  <frame idx="9750" w="480" h="534" x="21.789368" y="-26.714020">
   <element name="symbol0" layername="image" frame="0" z_index="1" m_a="0.987688" m_b="-0.156434" m_c="0.156434" m_d="0.987688" m_tx="0.000000" m_ty="0.000000"/>
  </frame>
  <frame idx="9775" w="478" h="524" x="19.149796" y="-23.140335">
   <element name="symbol0" layername="image" frame="0" z_index="1" m_a="0.990024" m_b="-0.140901" m_c="0.140901" m_d="0.990024" m_tx="0.000000" m_ty="0.000000"/>
  </frame>
  <frame idx="9800" w="475" h="514" x="16.454376" y="-19.608490">
   <element name="symbol0" layername="image" frame="0" z_index="1" m_a="0.992115" m_b="-0.125333" m_c="0.125333" m_d="0.992115" m_tx="0.000000" m_ty="0.000000"/>
  </frame>
  <frame idx="9825" w="471" h="504" x="13.703873" y="-16.119476">
   <element name="symbol0" layername="image" frame="0" z_index="1" m_a="0.993961" m_b="-0.109734" m_c="0.109734" m_d="0.993961" m_tx="0.000000" m_ty="0.000000"/>
  </frame>
  <frame idx="9850" w="468" h="494" x="10.898849" y="-12.674042">
   <element name="symbol0" layername="image" frame="0" z_index="1" m_a="0.995562" m_b="-0.094108" m_c="0.094108" m_d="0.995562" m_tx="0.000000" m_ty="0.000000"/>
  </frame>
  <frame idx="9875" w="466" h="484" x="8.040085" y="-9.273148">
   <element name="symbol0" layername="image" frame="0" z_index="1" m_a="0.996917" m_b="-0.078459" m_c="0.078459" m_d="0.996917" m_tx="0.000000" m_ty="0.000000"/>
  </frame>
  <frame idx="9900" w="462" h="475" x="5.128220" y="-5.917511">
   <element name="symbol0" layername="image" frame="0" z_index="1" m_a="0.998027" m_b="-0.062790" m_c="0.062790" m_d="0.998027" m_tx="0.000000" m_ty="0.000000"/>
  </frame>
  <frame idx="9925" w="459" h="465" x="2.164047" y="-2.608109">
   <element name="symbol0" layername="image" frame="0" z_index="1" m_a="0.998890" m_b="-0.047106" m_c="0.047106" m_d="0.998890" m_tx="0.000000" m_ty="0.000000"/>
  </frame>
  <frame idx="9950" w="456" h="454" x="-0.851730" y="0.654343">
   <element name="symbol0" layername="image" frame="0" z_index="1" m_a="0.999507" m_b="-0.031411" m_c="0.031411" m_d="0.999507" m_tx="0.000000" m_ty="0.000000"/>
  </frame>
  <frame idx="9975" w="453" h="444" x="-3.918442" y="3.869080">
   <element name="symbol0" layername="image" frame="0" z_index="1" m_a="0.999877" m_b="-0.015707" m_c="0.015707" m_d="0.999877" m_tx="0.000000" m_ty="0.000000"/>
  </frame>
 </anim>
</Anims>
